frame_0.jpg,0.0,3
frame_1.jpg,0.0,3
frame_2.jpg,0.0,3
frame_3.jpg,0.0,3
frame_4.jpg,0.0,3
frame_5.jpg,0.0,3
frame_6.jpg,0.0,3
frame_7.jpg,0.0,3
frame_8.jpg,0.0,3
frame_9.jpg,0.0,3
frame_10.jpg,0.0,3
frame_11.jpg,0.0,3
frame_12.jpg,0.0,3
frame_13.jpg,0.0,3
frame_14.jpg,0.0,3
frame_15.jpg,0.0,3
frame_16.jpg,0.0,3
frame_17.jpg,0.0,3
frame_18.jpg,0.0,3
frame_19.jpg,0.0,3
frame_20.jpg,0.0,3
frame_21.jpg,0.0,3
frame_22.jpg,0.0,3
frame_23.jpg,0.0,3
frame_24.jpg,0.0,3
frame_25.jpg,0.0,3
frame_26.jpg,0.0,3
frame_27.jpg,0.0,3
frame_28.jpg,0.0,3
frame_29.jpg,0.0,3
frame_30.jpg,0.0,3
frame_31.jpg,0.0,3
frame_32.jpg,0.0,3
frame_33.jpg,0.0,3
frame_34.jpg,0.0,3
frame_35.jpg,0.0,3
frame_36.jpg,0.0,3
frame_37.jpg,0.0,3
frame_38.jpg,0.0,3
frame_39.jpg,0.0,3
frame_40.jpg,0.0,3
frame_41.jpg,0.0,3
frame_42.jpg,0.0,3
frame_43.jpg,0.0,3
frame_44.jpg,0.0,3
frame_45.jpg,0.0,3
frame_46.jpg,0.0,3
frame_47.jpg,0.0,3
frame_48.jpg,0.0,3
frame_49.jpg,0.0,3
frame_50.jpg,0.0,3
frame_51.jpg,0.0,3
frame_52.jpg,0.0,3
frame_53.jpg,0.0,3
frame_54.jpg,0.0,3
frame_55.jpg,0.0,3
frame_56.jpg,0.0,3
frame_57.jpg,0.0,3
frame_58.jpg,0.0,3
frame_59.jpg,0.0,3
frame_60.jpg,0.0,3
frame_61.jpg,0.0,3
frame_62.jpg,0.0,3
frame_63.jpg,0.0,3
frame_64.jpg,0.0,3
frame_65.jpg,0.0,3
frame_66.jpg,0.0,3
frame_67.jpg,0.0,3
frame_68.jpg,0.0,3
frame_69.jpg,0.0,3
frame_70.jpg,0.0,3
frame_71.jpg,0.0,3
frame_72.jpg,0.0,3
frame_73.jpg,0.0,3
frame_74.jpg,0.0,3
frame_75.jpg,0.0,3
frame_76.jpg,0.0,3
frame_77.jpg,0.0,3
frame_78.jpg,0.0,3
frame_79.jpg,0.0,3
frame_80.jpg,0.0,3
frame_81.jpg,0.0,3
frame_82.jpg,0.0,3
frame_83.jpg,0.0,3
frame_84.jpg,0.0,3
frame_85.jpg,0.0,3
frame_86.jpg,0.0,3
frame_87.jpg,0.0,3
frame_88.jpg,0.0,3
frame_89.jpg,0.0,3
frame_90.jpg,0.0,3
frame_91.jpg,0.0,3
frame_92.jpg,0.0,3
frame_93.jpg,0.0,3
frame_94.jpg,0.0,3
frame_95.jpg,0.0,3
frame_96.jpg,0.0,3
frame_97.jpg,0.0,3
frame_98.jpg,0.0,3
frame_99.jpg,0.0,3
frame_100.jpg,0.0,3
frame_101.jpg,0.0,3
frame_102.jpg,0.0,3
frame_103.jpg,0.0,3
frame_104.jpg,0.0,3
frame_105.jpg,0.0,3
frame_106.jpg,0.0,3
frame_107.jpg,0.0,3
frame_108.jpg,0.0,3
frame_109.jpg,0.0,3
frame_110.jpg,0.0,3
frame_111.jpg,0.0,3
frame_112.jpg,0.0,3
frame_113.jpg,0.0,3
frame_114.jpg,0.0,3
frame_115.jpg,0.0,3
frame_116.jpg,0.0,3
frame_117.jpg,0.0,3
frame_118.jpg,3.926872,4
frame_119.jpg,2.169847,4
frame_120.jpg,0.0,3
frame_121.jpg,0.0,3
frame_122.jpg,0.0,3
frame_123.jpg,0.0,3
frame_124.jpg,0.0,3
frame_125.jpg,0.0,3
frame_126.jpg,0.0,3
frame_127.jpg,0.0,3
frame_128.jpg,0.0,3
frame_129.jpg,0.0,3
frame_130.jpg,0.0,3
frame_131.jpg,0.0,3
frame_132.jpg,0.0,3
frame_133.jpg,0.0,3
frame_134.jpg,0.0,3
frame_135.jpg,0.0,3
frame_136.jpg,2.285812,4
frame_137.jpg,6.764775,5
frame_138.jpg,0.7848971,4
frame_139.jpg,0.0,3
frame_140.jpg,0.0,3
frame_141.jpg,0.0,3
frame_142.jpg,0.0,3
frame_143.jpg,2.85951,4
frame_144.jpg,8.437462,5
frame_145.jpg,2.867835,4
frame_146.jpg,0.0,3
frame_147.jpg,0.0,3
frame_148.jpg,0.0,3
frame_149.jpg,0.0,3
frame_150.jpg,6.49389,5
frame_151.jpg,10.70356,5
frame_152.jpg,4.013843,4
frame_153.jpg,0.0,3
frame_154.jpg,0.0,3
frame_155.jpg,0.0,3
frame_156.jpg,3.681915,4
frame_157.jpg,8.053658,5
frame_158.jpg,9.574109,5
frame_159.jpg,3.777262,4
frame_160.jpg,0.0,3
frame_161.jpg,0.0,3
frame_162.jpg,2.38326,4
frame_163.jpg,7.883625,5
frame_164.jpg,13.52574,5
frame_165.jpg,8.049119,5
frame_166.jpg,2.517787,4
frame_167.jpg,0.0,3
frame_168.jpg,0.0,3
frame_169.jpg,9.840952,5
frame_170.jpg,5.978159,5
frame_171.jpg,0.0,3
frame_172.jpg,0.0,3
frame_173.jpg,0.0,3
frame_174.jpg,0.0,3
frame_175.jpg,0.0,3
frame_176.jpg,0.0,3
frame_177.jpg,3.8184,4
frame_178.jpg,11.24372,5
frame_179.jpg,9.842505,5
frame_180.jpg,0.1624264,4
frame_181.jpg,0.0,3
frame_182.jpg,0.0,3
frame_183.jpg,0.0,3
frame_184.jpg,0.0,3
frame_185.jpg,0.0,3
frame_186.jpg,0.0,3
frame_187.jpg,0.0,3
frame_188.jpg,0.0,3
frame_189.jpg,0.0,3
frame_190.jpg,0.0,3
frame_191.jpg,0.0,3
frame_192.jpg,0.0,3
frame_193.jpg,0.0,3
frame_194.jpg,0.0,3
frame_195.jpg,0.0,3
frame_196.jpg,0.0,3
frame_197.jpg,0.0,3
frame_198.jpg,0.0,3
frame_199.jpg,0.0,3
frame_200.jpg,0.0,3
frame_201.jpg,0.0,3
frame_202.jpg,0.0,3
frame_203.jpg,0.0,3
frame_204.jpg,0.0,3
frame_205.jpg,0.0,3
frame_206.jpg,0.0,3
frame_207.jpg,0.0,3
frame_208.jpg,0.0,3
frame_209.jpg,0.0,3
frame_210.jpg,0.0,3
frame_211.jpg,0.0,3
frame_212.jpg,0.0,3
frame_213.jpg,0.0,3
frame_214.jpg,0.0,3
frame_215.jpg,0.0,3
frame_216.jpg,-5.405775,1
frame_217.jpg,-10.83742,1
frame_218.jpg,-6.880852,1
frame_219.jpg,-1.788487,2
frame_220.jpg,0.0,3
frame_221.jpg,0.0,3
frame_222.jpg,0.0,3
frame_223.jpg,0.0,3
frame_224.jpg,0.0,3
frame_225.jpg,0.0,3
frame_226.jpg,0.0,3
frame_227.jpg,0.0,3
frame_228.jpg,0.0,3
frame_229.jpg,0.0,3
frame_230.jpg,0.0,3
frame_231.jpg,-4.975215,2
frame_232.jpg,-1.020008,2
frame_233.jpg,0.0,3
frame_234.jpg,0.0,3
frame_235.jpg,0.0,3
frame_236.jpg,0.0,3
frame_237.jpg,0.0,3
frame_238.jpg,-6.835875,1
frame_239.jpg,-10.73392,1
frame_240.jpg,-4.668472,2
frame_241.jpg,0.0,3
frame_242.jpg,0.0,3
frame_243.jpg,0.0,3
frame_244.jpg,0.0,3
frame_245.jpg,0.0,3
frame_246.jpg,0.0,3
frame_247.jpg,0.0,3
frame_248.jpg,0.0,3
frame_249.jpg,0.0,3
frame_250.jpg,0.0,3
frame_251.jpg,0.0,3
frame_252.jpg,0.0,3
frame_253.jpg,0.0,3
frame_254.jpg,0.0,3
frame_255.jpg,0.0,3
frame_256.jpg,0.0,3
frame_257.jpg,0.0,3
frame_258.jpg,0.0,3
frame_259.jpg,-4.964812,2
frame_260.jpg,-10.66663,1
frame_261.jpg,-6.867735,1
frame_262.jpg,-3.082958,2
frame_263.jpg,0.0,3
frame_264.jpg,0.0,3
frame_265.jpg,-5.990895,1
frame_266.jpg,-13.47164,1
frame_267.jpg,-8.915679,1
frame_268.jpg,-2.521074,2
frame_269.jpg,0.0,3
frame_270.jpg,0.0,3
frame_271.jpg,0.0,3
frame_272.jpg,0.0,3
frame_273.jpg,-5.022607,1
frame_274.jpg,-9.142785,1
frame_275.jpg,-10.55501,1
frame_276.jpg,-2.886863,2
frame_277.jpg,0.0,3
frame_278.jpg,0.0,3
frame_279.jpg,0.0,3
frame_280.jpg,0.0,3
frame_281.jpg,0.0,3
frame_282.jpg,0.0,3
frame_283.jpg,0.0,3
frame_284.jpg,0.0,3
frame_285.jpg,0.0,3
frame_286.jpg,-6.307867,1
frame_287.jpg,-3.067447,2
frame_288.jpg,0.0,3
frame_289.jpg,0.0,3
frame_290.jpg,0.0,3
frame_291.jpg,0.0,3
frame_292.jpg,0.0,3
frame_293.jpg,0.0,3
frame_294.jpg,0.0,3
frame_295.jpg,0.0,3
frame_296.jpg,0.0,3
frame_297.jpg,0.0,3
frame_298.jpg,0.0,3
frame_299.jpg,0.0,3
frame_300.jpg,0.0,3
frame_301.jpg,0.0,3
frame_302.jpg,4.30548,4
frame_303.jpg,11.64917,5
frame_304.jpg,7.66578,5
frame_305.jpg,2.798122,4
frame_306.jpg,0.0,3
frame_307.jpg,0.0,3
frame_308.jpg,0.0,3
frame_309.jpg,6.60336,5
frame_310.jpg,2.54898,4
frame_311.jpg,0.0,3
frame_312.jpg,0.0,3
frame_313.jpg,4.402838,4
frame_314.jpg,10.28029,5
frame_315.jpg,17.90455,6
frame_316.jpg,23.67617,6
frame_317.jpg,15.92462,6
frame_318.jpg,11.91172,5
frame_319.jpg,6.269656,5
frame_320.jpg,0.0,3
frame_321.jpg,0.0,3
frame_322.jpg,0.0,3
frame_323.jpg,0.0,3
frame_324.jpg,0.0,3
frame_325.jpg,0.0,3
frame_326.jpg,0.0,3
frame_327.jpg,0.0,3
frame_328.jpg,0.0,3
frame_329.jpg,0.0,3
frame_330.jpg,0.0,3
frame_331.jpg,0.0,3
frame_332.jpg,0.0,3
frame_333.jpg,0.0,3
frame_334.jpg,0.0,3
frame_335.jpg,0.0,3
frame_336.jpg,0.0,3
frame_337.jpg,0.0,3
frame_338.jpg,0.0,3
frame_339.jpg,0.0,3
frame_340.jpg,0.0,3
frame_341.jpg,0.0,3
frame_342.jpg,0.0,3
frame_343.jpg,0.0,3
frame_344.jpg,0.0,3
frame_345.jpg,0.0,3
frame_346.jpg,0.0,3
frame_347.jpg,0.0,3
frame_348.jpg,-2.652217,2
frame_349.jpg,-9.53769,1
frame_350.jpg,-5.719522,1
frame_351.jpg,-1.86525,2
frame_352.jpg,0.0,3
frame_353.jpg,0.0,3
frame_354.jpg,0.0,3
frame_355.jpg,0.0,3
frame_356.jpg,-6.851146,1
frame_357.jpg,-12.49376,1
frame_358.jpg,-16.97952,0
frame_359.jpg,-10.41709,1
frame_360.jpg,-0.8533053,2
frame_361.jpg,0.0,3
frame_362.jpg,0.0,3
frame_363.jpg,0.0,3
frame_364.jpg,0.0,3
frame_365.jpg,0.0,3
frame_366.jpg,0.0,3
frame_367.jpg,0.0,3
frame_368.jpg,-10.51157,1
frame_369.jpg,-17.89179,0
frame_370.jpg,-12.87242,1
frame_371.jpg,-8.315924,1
frame_372.jpg,-1.217924,2
frame_373.jpg,0.0,3
frame_374.jpg,0.0,3
frame_375.jpg,0.0,3
frame_376.jpg,0.0,3
frame_377.jpg,0.0,3
frame_378.jpg,0.0,3
frame_379.jpg,-4.380945,2
frame_380.jpg,-12.13758,1
frame_381.jpg,-5.796524,1
frame_382.jpg,-0.770744,2
frame_383.jpg,0.0,3
frame_384.jpg,0.0,3
frame_385.jpg,0.0,3
frame_386.jpg,0.0,3
frame_387.jpg,0.0,3
frame_388.jpg,0.0,3
frame_389.jpg,0.0,3
frame_390.jpg,0.0,3
frame_391.jpg,0.0,3
frame_392.jpg,0.0,3
frame_393.jpg,0.0,3
frame_394.jpg,-5.99673,1
frame_395.jpg,-5.5953,1
frame_396.jpg,0.0,3
frame_397.jpg,0.0,3
frame_398.jpg,0.0,3
frame_399.jpg,0.0,3
frame_400.jpg,0.0,3
frame_401.jpg,0.0,3
frame_402.jpg,5.447055,5
frame_403.jpg,8.019938,5
frame_404.jpg,0.0,3
frame_405.jpg,0.0,3
frame_406.jpg,0.0,3
frame_407.jpg,0.0,3
frame_408.jpg,0.0,3
frame_409.jpg,0.0,3
frame_410.jpg,0.0,3
frame_411.jpg,0.0,3
frame_412.jpg,0.0,3
frame_413.jpg,0.0,3
frame_414.jpg,0.0,3
frame_415.jpg,0.0,3
frame_416.jpg,0.0,3
frame_417.jpg,0.0,3
frame_418.jpg,0.0,3
frame_419.jpg,0.0,3
frame_420.jpg,0.0,3
frame_421.jpg,0.0,3
frame_422.jpg,0.0,3
frame_423.jpg,0.0,3
frame_424.jpg,0.0,3
frame_425.jpg,0.0,3
frame_426.jpg,0.0,3
frame_427.jpg,0.0,3
frame_428.jpg,0.0,3
frame_429.jpg,0.0,3
frame_430.jpg,0.0,3
frame_431.jpg,0.0,3
frame_432.jpg,0.0,3
frame_433.jpg,0.0,3
frame_434.jpg,0.0,3
frame_435.jpg,0.0,3
frame_436.jpg,0.0,3
frame_437.jpg,0.0,3
frame_438.jpg,0.0,3
frame_439.jpg,0.0,3
frame_440.jpg,0.0,3
frame_441.jpg,0.0,3
frame_442.jpg,6.69204,5
frame_443.jpg,0.0,3
frame_444.jpg,0.0,3
frame_445.jpg,0.0,3
frame_446.jpg,0.0,3
frame_447.jpg,0.0,3
frame_448.jpg,0.0,3
frame_449.jpg,0.0,3
frame_450.jpg,0.0,3
frame_451.jpg,-2.7363,2
frame_452.jpg,-8.469997,1
frame_453.jpg,-3.88197,2
frame_454.jpg,0.0,3
frame_455.jpg,0.0,3
frame_456.jpg,0.0,3
frame_457.jpg,0.0,3
frame_458.jpg,0.0,3
frame_459.jpg,0.0,3
frame_460.jpg,0.0,3
frame_461.jpg,0.0,3
frame_462.jpg,0.0,3
frame_463.jpg,0.0,3
frame_464.jpg,0.0,3
frame_465.jpg,0.0,3
frame_466.jpg,0.0,3
frame_467.jpg,0.0,3
frame_468.jpg,0.0,3
frame_469.jpg,0.0,3
frame_470.jpg,0.0,3
frame_471.jpg,0.0,3
frame_472.jpg,-4.86534,2
frame_473.jpg,-11.06854,1
frame_474.jpg,-7.047765,1
frame_475.jpg,0.0,3
frame_476.jpg,0.0,3
frame_477.jpg,0.0,3
frame_478.jpg,0.0,3
frame_479.jpg,0.0,3
frame_480.jpg,0.0,3
frame_481.jpg,0.0,3
frame_482.jpg,0.0,3
frame_483.jpg,0.0,3
frame_484.jpg,-9.53805,1
frame_485.jpg,-3.585877,2
frame_486.jpg,0.0,3
frame_487.jpg,0.0,3
frame_488.jpg,0.0,3
frame_489.jpg,0.0,3
frame_490.jpg,0.0,3
frame_491.jpg,0.0,3
frame_492.jpg,0.0,3
frame_493.jpg,0.0,3
frame_494.jpg,0.0,3
frame_495.jpg,0.0,3
frame_496.jpg,0.0,3
frame_497.jpg,0.0,3
frame_498.jpg,0.0,3
frame_499.jpg,0.0,3
frame_500.jpg,0.0,3
frame_501.jpg,0.0,3
frame_502.jpg,0.0,3
frame_503.jpg,0.0,3
frame_504.jpg,0.0,3
frame_505.jpg,0.0,3
frame_506.jpg,0.0,3
frame_507.jpg,0.0,3
frame_508.jpg,0.0,3
frame_509.jpg,0.0,3
frame_510.jpg,0.0,3
frame_511.jpg,0.0,3
frame_512.jpg,0.0,3
frame_513.jpg,0.0,3
frame_514.jpg,0.0,3
frame_515.jpg,0.0,3
frame_516.jpg,0.0,3
frame_517.jpg,0.0,3
frame_518.jpg,0.0,3
frame_519.jpg,0.0,3
frame_520.jpg,0.0,3
frame_521.jpg,0.0,3
frame_522.jpg,0.0,3
frame_523.jpg,0.0,3
frame_524.jpg,0.0,3
frame_525.jpg,0.0,3
frame_526.jpg,0.0,3
frame_527.jpg,0.0,3
frame_528.jpg,0.0,3
frame_529.jpg,0.0,3
frame_530.jpg,0.0,3
frame_531.jpg,0.0,3
frame_532.jpg,0.0,3
frame_533.jpg,7.084552,5
frame_534.jpg,3.376883,4
frame_535.jpg,0.0,3
frame_536.jpg,0.0,3
frame_537.jpg,0.0,3
frame_538.jpg,0.0,3
frame_539.jpg,0.0,3
frame_540.jpg,0.0,3
frame_541.jpg,3.78612,4
frame_542.jpg,11.86,5
frame_543.jpg,5.885872,5
frame_544.jpg,1.599165,4
frame_545.jpg,0.0,3
frame_546.jpg,0.0,3
frame_547.jpg,0.0,3
frame_548.jpg,4.722113,4
frame_549.jpg,0.0,3
frame_550.jpg,0.0,3
frame_551.jpg,0.0,3
frame_552.jpg,0.0,3
frame_553.jpg,0.0,3
frame_554.jpg,7.37577,5
frame_555.jpg,13.05243,5
frame_556.jpg,9.668332,5
frame_557.jpg,5.67963,5
frame_558.jpg,0.0,3
frame_559.jpg,0.0,3
frame_560.jpg,0.0,3
frame_561.jpg,0.0,3
frame_562.jpg,0.0,3
frame_563.jpg,0.0,3
frame_564.jpg,0.0,3
frame_565.jpg,8.395036,5
frame_566.jpg,12.89012,5
frame_567.jpg,7.118752,5
frame_568.jpg,0.1826327,4
frame_569.jpg,0.0,3
frame_570.jpg,0.0,3
frame_571.jpg,0.0,3
frame_572.jpg,4.687118,4
frame_573.jpg,9.450645,5
frame_574.jpg,16.60999,6
frame_575.jpg,25.0,6
frame_576.jpg,19.11713,6
frame_577.jpg,15.21021,6
frame_578.jpg,9.647201,5
frame_579.jpg,2.09191,4
frame_580.jpg,0.0,3
frame_581.jpg,0.0,3
frame_582.jpg,0.0,3
frame_583.jpg,0.0,3
frame_584.jpg,0.0,3
frame_585.jpg,0.0,3
frame_586.jpg,0.0,3
frame_587.jpg,0.0,3
frame_588.jpg,0.0,3
frame_589.jpg,5.479973,5
frame_590.jpg,9.563498,5
frame_591.jpg,12.88253,5
frame_592.jpg,8.275763,5
frame_593.jpg,1.142272,4
frame_594.jpg,0.0,3
frame_595.jpg,0.0,3
frame_596.jpg,0.0,3
frame_597.jpg,0.0,3
frame_598.jpg,0.0,3
frame_599.jpg,0.0,3
frame_600.jpg,0.0,3
frame_601.jpg,0.0,3
frame_602.jpg,0.0,3
frame_603.jpg,0.0,3
frame_604.jpg,0.0,3
frame_605.jpg,0.0,3
frame_606.jpg,0.0,3
frame_607.jpg,0.0,3
frame_608.jpg,2.54964,4
frame_609.jpg,7.619055,5
frame_610.jpg,1.775677,4
frame_611.jpg,0.0,3
frame_612.jpg,0.0,3
frame_613.jpg,0.0,3
frame_614.jpg,0.0,3
frame_615.jpg,6.21537,5
frame_616.jpg,12.56713,5
frame_617.jpg,3.13299,4
frame_618.jpg,0.0,3
frame_619.jpg,0.0,3
frame_620.jpg,0.0,3
frame_621.jpg,0.0,3
frame_622.jpg,0.0,3
frame_623.jpg,4.623938,4
frame_624.jpg,8.93397,5
frame_625.jpg,1.93485,4
frame_626.jpg,0.0,3
frame_627.jpg,0.0,3
frame_628.jpg,0.0,3
frame_629.jpg,0.0,3
frame_630.jpg,0.0,3
frame_631.jpg,0.0,3
frame_632.jpg,0.0,3
frame_633.jpg,0.0,3
frame_634.jpg,0.0,3
frame_635.jpg,0.0,3
frame_636.jpg,0.0,3
frame_637.jpg,0.0,3
frame_638.jpg,0.0,3
frame_639.jpg,0.0,3
frame_640.jpg,0.0,3
frame_641.jpg,0.0,3
frame_642.jpg,0.0,3
frame_643.jpg,0.0,3
frame_644.jpg,0.0,3
frame_645.jpg,0.0,3
frame_646.jpg,0.0,3
frame_647.jpg,0.0,3
frame_648.jpg,0.0,3
frame_649.jpg,0.0,3
frame_650.jpg,0.0,3
frame_651.jpg,0.0,3
frame_652.jpg,0.0,3
frame_653.jpg,4.311405,4
frame_654.jpg,11.24351,5
frame_655.jpg,7.113945,5
frame_656.jpg,0.0,3
frame_657.jpg,0.0,3
frame_658.jpg,0.0,3
frame_659.jpg,0.0,3
frame_660.jpg,0.0,3
frame_661.jpg,0.0,3
frame_662.jpg,0.0,3
frame_663.jpg,0.0,3
frame_664.jpg,0.0,3
frame_665.jpg,0.0,3
frame_666.jpg,0.0,3
frame_667.jpg,0.0,3
frame_668.jpg,0.0,3
frame_669.jpg,0.0,3
frame_670.jpg,0.0,3
frame_671.jpg,0.0,3
frame_672.jpg,0.0,3
frame_673.jpg,0.0,3
frame_674.jpg,0.0,3
frame_675.jpg,0.0,3
frame_676.jpg,-7.960388,1
frame_677.jpg,-4.376873,2
frame_678.jpg,0.0,3
frame_679.jpg,0.0,3
frame_680.jpg,0.0,3
frame_681.jpg,0.0,3
frame_682.jpg,0.0,3
frame_683.jpg,-8.596027,1
frame_684.jpg,-13.51193,1
frame_685.jpg,-10.25083,1
frame_686.jpg,-3.484756,2
frame_687.jpg,0.0,3
frame_688.jpg,0.0,3
frame_689.jpg,0.0,3
frame_690.jpg,0.0,3
frame_691.jpg,0.0,3
frame_692.jpg,0.0,3
frame_693.jpg,0.0,3
frame_694.jpg,0.0,3
frame_695.jpg,0.0,3
frame_696.jpg,0.0,3
frame_697.jpg,-7.021147,1
frame_698.jpg,-2.330377,2
frame_699.jpg,0.0,3
frame_700.jpg,0.0,3
frame_701.jpg,0.0,3
frame_702.jpg,0.0,3
frame_703.jpg,-4.2936,2
frame_704.jpg,-7.83342,1
frame_705.jpg,-16.20397,0
frame_706.jpg,-11.43166,1
frame_707.jpg,-5.624338,1
frame_708.jpg,0.0,3
frame_709.jpg,0.0,3
frame_710.jpg,0.0,3
frame_711.jpg,0.0,3
frame_712.jpg,0.0,3
frame_713.jpg,0.0,3
frame_714.jpg,-7.90677,1
frame_715.jpg,-11.69457,1
frame_716.jpg,-5.476207,1
frame_717.jpg,0.0,3
frame_718.jpg,0.0,3
frame_719.jpg,0.0,3
frame_720.jpg,0.0,3
frame_721.jpg,0.0,3
frame_722.jpg,0.0,3
frame_723.jpg,0.0,3
frame_724.jpg,0.0,3
frame_725.jpg,0.0,3
frame_726.jpg,0.0,3
frame_727.jpg,-9.912157,1
frame_728.jpg,-6.119819,1
frame_729.jpg,-3.351465,2
frame_730.jpg,0.0,3
frame_731.jpg,0.0,3
frame_732.jpg,0.0,3
frame_733.jpg,0.0,3
frame_734.jpg,0.0,3
frame_735.jpg,0.0,3
frame_736.jpg,0.0,3
frame_737.jpg,0.0,3
frame_738.jpg,0.0,3
frame_739.jpg,0.0,3
frame_740.jpg,-1.976985,2
frame_741.jpg,-7.58952,1
frame_742.jpg,-2.139623,2
frame_743.jpg,0.0,3
frame_744.jpg,0.0,3
frame_745.jpg,0.0,3
frame_746.jpg,0.0,3
frame_747.jpg,0.0,3
frame_748.jpg,0.0,3
frame_749.jpg,0.0,3
frame_750.jpg,0.0,3
frame_751.jpg,0.0,3
frame_752.jpg,0.0,3
frame_753.jpg,-5.918767,1
frame_754.jpg,-1.479428,2
frame_755.jpg,0.0,3
frame_756.jpg,0.0,3
frame_757.jpg,0.0,3
frame_758.jpg,0.0,3
frame_759.jpg,0.0,3
frame_760.jpg,-4.2993,2
frame_761.jpg,-9.584798,1
frame_762.jpg,-9.654346,1
frame_763.jpg,-2.621498,2
frame_764.jpg,0.0,3
frame_765.jpg,0.0,3
frame_766.jpg,0.0,3
frame_767.jpg,0.0,3
frame_768.jpg,-6.149272,1
frame_769.jpg,-2.941373,2
frame_770.jpg,0.0,3
frame_771.jpg,0.0,3
frame_772.jpg,0.0,3
frame_773.jpg,0.0,3
frame_774.jpg,-5.545147,1
frame_775.jpg,-11.24485,1
frame_776.jpg,-18.34596,0
frame_777.jpg,-18.07201,0
frame_778.jpg,-14.53171,1
frame_779.jpg,-8.045616,1
frame_780.jpg,-2.225579,2
frame_781.jpg,0.0,3
frame_782.jpg,0.0,3
frame_783.jpg,0.0,3
frame_784.jpg,0.0,3
frame_785.jpg,0.0,3
frame_786.jpg,0.0,3
frame_787.jpg,0.0,3
frame_788.jpg,-4.70427,2
frame_789.jpg,-13.7473,1
frame_790.jpg,-9.736835,1
frame_791.jpg,-5.339564,1
frame_792.jpg,0.0,3
frame_793.jpg,0.0,3
frame_794.jpg,0.0,3
frame_795.jpg,0.0,3
frame_796.jpg,0.0,3
frame_797.jpg,-4.485757,2
frame_798.jpg,-9.745897,1
frame_799.jpg,-5.80785,1
frame_800.jpg,-0.4484404,2
frame_801.jpg,0.0,3
frame_802.jpg,0.0,3
frame_803.jpg,0.0,3
frame_804.jpg,-5.22819,1
frame_805.jpg,-11.99059,1
frame_806.jpg,-18.20832,0
frame_807.jpg,-13.87491,1
frame_808.jpg,-7.198058,1
frame_809.jpg,-2.263073,2
frame_810.jpg,0.0,3
frame_811.jpg,0.0,3
frame_812.jpg,0.0,3
frame_813.jpg,0.0,3
frame_814.jpg,0.0,3
frame_815.jpg,0.0,3
frame_816.jpg,0.0,3
frame_817.jpg,0.0,3
frame_818.jpg,0.0,3
frame_819.jpg,0.0,3
frame_820.jpg,0.0,3
frame_821.jpg,0.0,3
frame_822.jpg,0.0,3
frame_823.jpg,0.0,3
frame_824.jpg,0.0,3
frame_825.jpg,0.0,3
frame_826.jpg,0.0,3
frame_827.jpg,-6.884475,1
frame_828.jpg,-11.11909,1
frame_829.jpg,-4.838819,2
frame_830.jpg,0.0,3
frame_831.jpg,0.0,3
frame_832.jpg,0.0,3
frame_833.jpg,0.0,3
frame_834.jpg,0.0,3
frame_835.jpg,0.0,3
frame_836.jpg,0.0,3
frame_837.jpg,0.0,3
frame_838.jpg,0.0,3
frame_839.jpg,0.0,3
frame_840.jpg,-13.98848,1
frame_841.jpg,-13.98848,1
frame_842.jpg,-18.93772,0
frame_843.jpg,-9.017392,1
frame_844.jpg,-4.82739,2
frame_845.jpg,0.0,3
frame_846.jpg,0.0,3
frame_847.jpg,0.0,3
frame_848.jpg,0.0,3
frame_849.jpg,7.572022,5
frame_850.jpg,13.50113,5
frame_851.jpg,15.9288,6
frame_852.jpg,10.42412,5
frame_853.jpg,4.873972,4
frame_854.jpg,0.0,3
frame_855.jpg,0.0,3
frame_856.jpg,0.0,3
frame_857.jpg,0.0,3
frame_858.jpg,0.0,3
frame_859.jpg,0.0,3
frame_860.jpg,0.0,3
frame_861.jpg,-4.869397,2
frame_862.jpg,-11.89939,1
frame_863.jpg,-5.035815,1
frame_864.jpg,0.0,3
frame_865.jpg,0.0,3
frame_866.jpg,0.0,3
frame_867.jpg,0.0,3
frame_868.jpg,0.0,3
frame_869.jpg,0.0,3
frame_870.jpg,0.0,3
frame_871.jpg,0.0,3
frame_872.jpg,-6.295424,1
frame_873.jpg,-3.7341,2
frame_874.jpg,0.0,3
frame_875.jpg,0.0,3
frame_876.jpg,0.0,3
frame_877.jpg,0.0,3
frame_878.jpg,-5.511585,1
frame_879.jpg,-11.93059,1
frame_880.jpg,-9.304755,1
frame_881.jpg,-3.973433,2
frame_882.jpg,0.0,3
frame_883.jpg,0.0,3
frame_884.jpg,0.0,3
frame_885.jpg,0.0,3
frame_886.jpg,0.0,3
frame_887.jpg,0.0,3
frame_888.jpg,0.0,3
frame_889.jpg,-3.19017,2
frame_890.jpg,-9.469748,1
frame_891.jpg,-12.96046,1
frame_892.jpg,-2.61612,2
frame_893.jpg,0.0,3
frame_894.jpg,0.0,3
frame_895.jpg,-8.176274,1
frame_896.jpg,-14.27237,1
frame_897.jpg,-12.44563,1
frame_898.jpg,-5.375213,1
frame_899.jpg,0.0,3
frame_900.jpg,0.0,3
frame_901.jpg,0.0,3
frame_902.jpg,0.0,3
frame_903.jpg,0.0,3
frame_904.jpg,-9.803947,1
frame_905.jpg,-5.415217,1
frame_906.jpg,0.0,3
frame_907.jpg,0.0,3
frame_908.jpg,0.0,3
frame_909.jpg,0.0,3
frame_910.jpg,0.0,3
frame_911.jpg,-7.696515,1
frame_912.jpg,-15.06717,0
frame_913.jpg,-13.02056,1
frame_914.jpg,-6.2337,1
frame_915.jpg,0.0,3
frame_916.jpg,0.0,3
frame_917.jpg,-6.12666,1
frame_918.jpg,-11.45885,1
frame_919.jpg,-17.44713,0
frame_920.jpg,-10.92091,1
frame_921.jpg,-5.80104,1
frame_922.jpg,-0.5618024,2
frame_923.jpg,0.0,3
frame_924.jpg,0.0,3
frame_925.jpg,0.0,3
frame_926.jpg,0.0,3
frame_927.jpg,0.0,3
frame_928.jpg,0.0,3
frame_929.jpg,0.0,3
frame_930.jpg,0.0,3
frame_931.jpg,0.0,3
frame_932.jpg,0.0,3
frame_933.jpg,0.0,3
frame_934.jpg,0.0,3
frame_935.jpg,0.0,3
frame_936.jpg,0.0,3
frame_937.jpg,0.0,3
frame_938.jpg,0.0,3
frame_939.jpg,0.0,3
frame_940.jpg,0.0,3
frame_941.jpg,0.0,3
frame_942.jpg,0.0,3
frame_943.jpg,0.0,3
frame_944.jpg,0.0,3
frame_945.jpg,0.0,3
frame_946.jpg,0.0,3
frame_947.jpg,0.0,3
frame_948.jpg,0.0,3
frame_949.jpg,0.0,3
frame_950.jpg,0.0,3
frame_951.jpg,0.0,3
frame_952.jpg,0.0,3
frame_953.jpg,0.0,3
frame_954.jpg,0.0,3
frame_955.jpg,0.0,3
frame_956.jpg,0.0,3
frame_957.jpg,0.0,3
frame_958.jpg,0.0,3
frame_959.jpg,0.0,3
frame_960.jpg,0.0,3
frame_961.jpg,0.0,3
frame_962.jpg,0.0,3
frame_963.jpg,0.0,3
frame_964.jpg,0.0,3
frame_965.jpg,0.0,3
frame_966.jpg,0.0,3
frame_967.jpg,1.66689,4
frame_968.jpg,7.106925,5
frame_969.jpg,0.0,3
frame_970.jpg,0.0,3
frame_971.jpg,0.0,3
frame_972.jpg,0.0,3
frame_973.jpg,0.0,3
frame_974.jpg,9.205627,5
frame_975.jpg,5.327325,5
frame_976.jpg,0.0,3
frame_977.jpg,0.0,3
frame_978.jpg,0.0,3
frame_979.jpg,0.0,3
frame_980.jpg,0.0,3
frame_981.jpg,0.0,3
frame_982.jpg,0.0,3
frame_983.jpg,6.64791,5
frame_984.jpg,13.16008,5
frame_985.jpg,7.941524,5
frame_986.jpg,1.946736,4
frame_987.jpg,0.0,3
frame_988.jpg,0.0,3
frame_989.jpg,0.0,3
frame_990.jpg,0.0,3
frame_991.jpg,0.0,3
frame_992.jpg,0.0,3
frame_993.jpg,0.0,3
frame_994.jpg,0.0,3
frame_995.jpg,4.264965,4
frame_996.jpg,6.97818,5
frame_997.jpg,1.132028,4
frame_998.jpg,0.0,3
frame_999.jpg,0.0,3
frame_1000.jpg,0.0,3
frame_1001.jpg,0.0,3
frame_1002.jpg,0.0,3
frame_1003.jpg,0.0,3
frame_1004.jpg,0.0,3
frame_1005.jpg,0.0,3
frame_1006.jpg,0.0,3
frame_1007.jpg,0.0,3
frame_1008.jpg,0.0,3
frame_1009.jpg,0.0,3
frame_1010.jpg,0.0,3
frame_1011.jpg,0.0,3
frame_1012.jpg,0.0,3
frame_1013.jpg,-5.715539,1
frame_1014.jpg,-11.45916,1
frame_1015.jpg,-3.852375,2
frame_1016.jpg,0.0,3
frame_1017.jpg,0.0,3
frame_1018.jpg,0.0,3
frame_1019.jpg,0.0,3
frame_1020.jpg,0.0,3
frame_1021.jpg,0.0,3
frame_1022.jpg,0.0,3
frame_1023.jpg,0.0,3
frame_1024.jpg,0.0,3
frame_1025.jpg,0.0,3
frame_1026.jpg,0.0,3
frame_1027.jpg,0.0,3
frame_1028.jpg,0.0,3
frame_1029.jpg,0.0,3
frame_1030.jpg,0.0,3
frame_1031.jpg,0.0,3
frame_1032.jpg,0.0,3
frame_1033.jpg,0.0,3
frame_1034.jpg,0.0,3
frame_1035.jpg,0.0,3
frame_1036.jpg,0.0,3
frame_1037.jpg,0.0,3
frame_1038.jpg,0.0,3
frame_1039.jpg,-6.575775,1
frame_1040.jpg,0.0,3
frame_1041.jpg,0.0,3
frame_1042.jpg,0.0,3
frame_1043.jpg,0.0,3
frame_1044.jpg,0.0,3
frame_1045.jpg,0.0,3
frame_1046.jpg,0.0,3
frame_1047.jpg,-5.870385,1
frame_1048.jpg,-2.791643,2
frame_1049.jpg,0.0,3
frame_1050.jpg,0.0,3
frame_1051.jpg,0.0,3
frame_1052.jpg,0.0,3
frame_1053.jpg,0.0,3
frame_1054.jpg,-5.082555,1
frame_1055.jpg,-10.74822,1
frame_1056.jpg,-6.368648,1
frame_1057.jpg,0.0,3
frame_1058.jpg,0.0,3
frame_1059.jpg,0.0,3
frame_1060.jpg,0.0,3
frame_1061.jpg,0.0,3
frame_1062.jpg,0.0,3
frame_1063.jpg,0.0,3
frame_1064.jpg,0.0,3
frame_1065.jpg,0.0,3
frame_1066.jpg,0.0,3
frame_1067.jpg,0.0,3
frame_1068.jpg,0.0,3
frame_1069.jpg,0.0,3
frame_1070.jpg,0.0,3
frame_1071.jpg,0.0,3
frame_1072.jpg,0.0,3
frame_1073.jpg,0.0,3
frame_1074.jpg,0.0,3
frame_1075.jpg,0.0,3
frame_1076.jpg,0.0,3
frame_1077.jpg,0.0,3
frame_1078.jpg,0.0,3
frame_1079.jpg,0.0,3
frame_1080.jpg,0.0,3
frame_1081.jpg,0.0,3
frame_1082.jpg,0.0,3
frame_1083.jpg,0.0,3
frame_1084.jpg,0.0,3
frame_1085.jpg,0.0,3
frame_1086.jpg,0.0,3
frame_1087.jpg,0.0,3
frame_1088.jpg,0.0,3
frame_1089.jpg,0.0,3
frame_1090.jpg,0.0,3
frame_1091.jpg,0.0,3
frame_1092.jpg,0.0,3
frame_1093.jpg,0.0,3
frame_1094.jpg,-6.88383,1
frame_1095.jpg,-3.363983,2
frame_1096.jpg,0.0,3
frame_1097.jpg,0.0,3
frame_1098.jpg,0.0,3
frame_1099.jpg,0.0,3
frame_1100.jpg,0.0,3
frame_1101.jpg,-4.247077,2
frame_1102.jpg,-10.64794,1
frame_1103.jpg,-4.536472,2
frame_1104.jpg,0.0,3
frame_1105.jpg,0.0,3
frame_1106.jpg,0.0,3
frame_1107.jpg,0.0,3
frame_1108.jpg,0.0,3
frame_1109.jpg,0.0,3
frame_1110.jpg,0.0,3
frame_1111.jpg,0.0,3
frame_1112.jpg,0.0,3
frame_1113.jpg,0.0,3
frame_1114.jpg,-4.254442,2
frame_1115.jpg,-3.638198,2
frame_1116.jpg,0.0,3
frame_1117.jpg,0.0,3
frame_1118.jpg,0.0,3
frame_1119.jpg,-4.825208,2
frame_1120.jpg,-10.09236,1
frame_1121.jpg,-6.568028,1
frame_1122.jpg,-0.4724106,2
frame_1123.jpg,0.0,3
frame_1124.jpg,0.0,3
frame_1125.jpg,0.0,3
frame_1126.jpg,0.0,3
frame_1127.jpg,0.0,3
frame_1128.jpg,0.0,3
frame_1129.jpg,0.0,3
frame_1130.jpg,0.0,3
frame_1131.jpg,0.0,3
frame_1132.jpg,0.0,3
frame_1133.jpg,0.0,3
frame_1134.jpg,0.0,3
frame_1135.jpg,0.0,3
frame_1136.jpg,0.0,3
frame_1137.jpg,0.0,3
frame_1138.jpg,0.0,3
frame_1139.jpg,0.0,3
frame_1140.jpg,0.0,3
frame_1141.jpg,0.0,3
frame_1142.jpg,0.0,3
frame_1143.jpg,0.0,3
frame_1144.jpg,0.0,3
frame_1145.jpg,0.0,3
frame_1146.jpg,0.0,3
frame_1147.jpg,0.0,3
frame_1148.jpg,0.0,3
frame_1149.jpg,0.0,3
frame_1150.jpg,0.0,3
frame_1151.jpg,0.0,3
frame_1152.jpg,0.0,3
frame_1153.jpg,0.0,3
frame_1154.jpg,0.0,3
frame_1155.jpg,0.0,3
frame_1156.jpg,0.0,3
frame_1157.jpg,0.0,3
frame_1158.jpg,0.0,3
frame_1159.jpg,0.0,3
frame_1160.jpg,0.0,3
frame_1161.jpg,0.0,3
frame_1162.jpg,0.0,3
frame_1163.jpg,0.0,3
frame_1164.jpg,-5.768003,1
frame_1165.jpg,-1.400986,2
frame_1166.jpg,0.0,3
frame_1167.jpg,0.0,3
frame_1168.jpg,0.0,3
frame_1169.jpg,0.0,3
frame_1170.jpg,-2.40741,2
frame_1171.jpg,0.0,3
frame_1172.jpg,0.0,3
frame_1173.jpg,0.0,3
frame_1174.jpg,0.0,3
frame_1175.jpg,0.0,3
frame_1176.jpg,0.0,3
frame_1177.jpg,0.0,3
frame_1178.jpg,0.0,3
frame_1179.jpg,0.0,3
frame_1180.jpg,0.0,3
frame_1181.jpg,-2.348055,2
frame_1182.jpg,0.0,3
frame_1183.jpg,0.0,3
frame_1184.jpg,0.0,3
frame_1185.jpg,0.0,3
frame_1186.jpg,0.0,3
frame_1187.jpg,0.0,3
frame_1188.jpg,0.0,3
frame_1189.jpg,0.0,3
frame_1190.jpg,0.0,3
frame_1191.jpg,0.0,3
frame_1192.jpg,0.0,3
frame_1193.jpg,0.0,3
frame_1194.jpg,-4.85598,2
frame_1195.jpg,0.0,3
frame_1196.jpg,0.0,3
frame_1197.jpg,0.0,3
frame_1198.jpg,0.0,3
frame_1199.jpg,0.0,3
frame_1200.jpg,0.0,3
frame_1201.jpg,0.0,3
frame_1202.jpg,0.0,3
frame_1203.jpg,-4.608668,2
frame_1204.jpg,0.0,3
frame_1205.jpg,0.0,3
frame_1206.jpg,0.0,3
frame_1207.jpg,0.0,3
frame_1208.jpg,0.0,3
frame_1209.jpg,0.0,3
frame_1210.jpg,0.0,3
frame_1211.jpg,0.0,3
frame_1212.jpg,-2.617658,2
frame_1213.jpg,-9.390059,1
frame_1214.jpg,-4.311007,2
frame_1215.jpg,0.0,3
frame_1216.jpg,0.0,3
frame_1217.jpg,0.0,3
frame_1218.jpg,0.0,3
frame_1219.jpg,0.0,3
frame_1220.jpg,0.0,3
frame_1221.jpg,0.0,3
frame_1222.jpg,0.0,3
frame_1223.jpg,0.0,3
frame_1224.jpg,0.0,3
frame_1225.jpg,0.0,3
frame_1226.jpg,0.0,3
frame_1227.jpg,0.0,3
frame_1228.jpg,0.0,3
frame_1229.jpg,0.0,3
frame_1230.jpg,6.685297,5
frame_1231.jpg,11.00411,5
frame_1232.jpg,6.483848,5
frame_1233.jpg,2.102407,4
frame_1234.jpg,0.0,3
frame_1235.jpg,0.0,3
frame_1236.jpg,0.0,3
frame_1237.jpg,0.0,3
frame_1238.jpg,-8.392193,1
frame_1239.jpg,-12.31558,1
frame_1240.jpg,-5.773634,1
frame_1241.jpg,0.0,3
frame_1242.jpg,0.0,3
frame_1243.jpg,0.0,3
frame_1244.jpg,0.0,3
frame_1245.jpg,0.0,3
frame_1246.jpg,0.0,3
frame_1247.jpg,0.0,3
frame_1248.jpg,0.0,3
frame_1249.jpg,0.0,3
frame_1250.jpg,0.0,3
frame_1251.jpg,0.0,3
frame_1252.jpg,0.0,3
frame_1253.jpg,0.0,3
frame_1254.jpg,0.0,3
frame_1255.jpg,0.0,3
frame_1256.jpg,-1.84626,2
frame_1257.jpg,-7.975072,1
frame_1258.jpg,0.0,3
frame_1259.jpg,0.0,3
frame_1260.jpg,0.0,3
frame_1261.jpg,0.0,3
frame_1262.jpg,0.0,3
frame_1263.jpg,0.0,3
frame_1264.jpg,0.0,3
frame_1265.jpg,-2.351115,2
frame_1266.jpg,-8.320357,1
frame_1267.jpg,-0.9486902,2
frame_1268.jpg,0.0,3
frame_1269.jpg,0.0,3
frame_1270.jpg,0.0,3
frame_1271.jpg,0.0,3
frame_1272.jpg,0.0,3
frame_1273.jpg,-7.642035,1
frame_1274.jpg,-11.79433,1
frame_1275.jpg,-10.17288,1
frame_1276.jpg,-6.395147,1
frame_1277.jpg,-0.9618841,2
frame_1278.jpg,0.0,3
frame_1279.jpg,0.0,3
frame_1280.jpg,0.0,3
frame_1281.jpg,0.0,3
frame_1282.jpg,0.0,3
frame_1283.jpg,0.0,3
frame_1284.jpg,0.0,3
frame_1285.jpg,0.0,3
frame_1286.jpg,0.0,3
frame_1287.jpg,-3.472132,2
frame_1288.jpg,-9.487897,1
frame_1289.jpg,-1.730279,2
frame_1290.jpg,0.0,3
frame_1291.jpg,0.0,3
frame_1292.jpg,0.0,3
frame_1293.jpg,0.0,3
frame_1294.jpg,-2.851515,2
frame_1295.jpg,-7.029765,1
frame_1296.jpg,-10.58354,1
frame_1297.jpg,-6.502762,1
frame_1298.jpg,-0.9897975,2
frame_1299.jpg,0.0,3
frame_1300.jpg,0.0,3
frame_1301.jpg,0.0,3
frame_1302.jpg,0.0,3
frame_1303.jpg,0.0,3
frame_1304.jpg,0.0,3
frame_1305.jpg,0.0,3
frame_1306.jpg,0.0,3
frame_1307.jpg,0.0,3
frame_1308.jpg,0.0,3
frame_1309.jpg,0.0,3
frame_1310.jpg,0.0,3
frame_1311.jpg,0.0,3
frame_1312.jpg,0.0,3
frame_1313.jpg,0.0,3
frame_1314.jpg,0.0,3
frame_1315.jpg,0.0,3
frame_1316.jpg,10.34496,5
frame_1317.jpg,14.13858,5
frame_1318.jpg,6.456404,5
frame_1319.jpg,0.0,3
frame_1320.jpg,0.0,3
frame_1321.jpg,0.0,3
frame_1322.jpg,0.0,3
frame_1323.jpg,0.0,3
frame_1324.jpg,0.0,3
frame_1325.jpg,0.0,3
frame_1326.jpg,0.0,3
frame_1327.jpg,4.939163,4
frame_1328.jpg,10.65997,5
frame_1329.jpg,4.944661,4
frame_1330.jpg,0.0,3
frame_1331.jpg,0.0,3
frame_1332.jpg,0.0,3
frame_1333.jpg,0.0,3
frame_1334.jpg,0.0,3
frame_1335.jpg,0.0,3
frame_1336.jpg,5.112727,5
frame_1337.jpg,13.17794,5
frame_1338.jpg,6.817838,5
frame_1339.jpg,0.0,3
frame_1340.jpg,0.0,3
frame_1341.jpg,0.0,3
frame_1342.jpg,0.0,3
frame_1343.jpg,0.0,3
frame_1344.jpg,0.0,3
frame_1345.jpg,3.82689,4
frame_1346.jpg,11.45539,5
frame_1347.jpg,16.39627,6
frame_1348.jpg,7.88322,5
frame_1349.jpg,3.39369,4
frame_1350.jpg,0.0,3
frame_1351.jpg,5.130705,5
frame_1352.jpg,0.3926553,4
frame_1353.jpg,0.0,3
frame_1354.jpg,0.0,3
frame_1355.jpg,0.0,3
frame_1356.jpg,0.0,3
frame_1357.jpg,0.0,3
frame_1358.jpg,6.451927,5
frame_1359.jpg,12.96838,5
frame_1360.jpg,3.889574,4
frame_1361.jpg,0.0,3
frame_1362.jpg,0.0,3
frame_1363.jpg,0.0,3
frame_1364.jpg,0.0,3
frame_1365.jpg,0.0,3
frame_1366.jpg,0.0,3
frame_1367.jpg,7.341915,5
frame_1368.jpg,11.55512,5
frame_1369.jpg,7.500892,5
frame_1370.jpg,0.0,3
frame_1371.jpg,0.0,3
frame_1372.jpg,0.0,3
frame_1373.jpg,0.0,3
frame_1374.jpg,0.0,3
frame_1375.jpg,5.869028,5
frame_1376.jpg,9.986685,5
frame_1377.jpg,12.14837,5
frame_1378.jpg,4.239129,4
frame_1379.jpg,0.0,3
frame_1380.jpg,0.0,3
frame_1381.jpg,0.0,3
frame_1382.jpg,0.0,3
frame_1383.jpg,0.0,3
frame_1384.jpg,0.0,3
frame_1385.jpg,0.0,3
frame_1386.jpg,0.0,3
frame_1387.jpg,0.0,3
frame_1388.jpg,6.182955,5
frame_1389.jpg,2.332553,4
frame_1390.jpg,0.0,3
frame_1391.jpg,0.0,3
frame_1392.jpg,0.0,3
frame_1393.jpg,0.0,3
frame_1394.jpg,0.0,3
frame_1395.jpg,0.0,3
frame_1396.jpg,0.0,3
frame_1397.jpg,0.0,3
frame_1398.jpg,0.0,3
frame_1399.jpg,0.0,3
frame_1400.jpg,0.0,3
frame_1401.jpg,0.0,3
frame_1402.jpg,2.416605,4
frame_1403.jpg,7.171012,5
frame_1404.jpg,0.0,3
frame_1405.jpg,0.0,3
frame_1406.jpg,0.0,3
frame_1407.jpg,0.0,3
frame_1408.jpg,0.0,3
frame_1409.jpg,0.0,3
frame_1410.jpg,0.0,3
frame_1411.jpg,0.0,3
frame_1412.jpg,0.0,3
frame_1413.jpg,0.0,3
frame_1414.jpg,0.0,3
frame_1415.jpg,0.0,3
frame_1416.jpg,0.0,3
frame_1417.jpg,0.0,3
frame_1418.jpg,0.0,3
frame_1419.jpg,0.0,3
frame_1420.jpg,0.0,3
frame_1421.jpg,0.0,3
frame_1422.jpg,-0.7638372,2
frame_1423.jpg,0.0,3
frame_1424.jpg,0.0,3
frame_1425.jpg,0.0,3
frame_1426.jpg,0.0,3
frame_1427.jpg,0.0,3
frame_1428.jpg,0.0,3
frame_1429.jpg,-9.731565,1
frame_1430.jpg,-3.18159,2
frame_1431.jpg,0.0,3
frame_1432.jpg,0.0,3
frame_1433.jpg,0.0,3
frame_1434.jpg,0.0,3
frame_1435.jpg,0.0,3
frame_1436.jpg,0.0,3
frame_1437.jpg,0.0,3
frame_1438.jpg,0.0,3
frame_1439.jpg,-5.239418,1
frame_1440.jpg,-9.679185,1
frame_1441.jpg,-3.037582,2
frame_1442.jpg,0.0,3
frame_1443.jpg,0.0,3
frame_1444.jpg,0.0,3
frame_1445.jpg,0.0,3
frame_1446.jpg,0.0,3
frame_1447.jpg,0.0,3
frame_1448.jpg,-6.961118,1
frame_1449.jpg,-2.37405,2
frame_1450.jpg,0.0,3
frame_1451.jpg,0.0,3
frame_1452.jpg,0.0,3
frame_1453.jpg,0.0,3
frame_1454.jpg,0.0,3
frame_1455.jpg,-4.839353,2
frame_1456.jpg,-7.510096,1
frame_1457.jpg,0.0,3
frame_1458.jpg,0.0,3
frame_1459.jpg,0.0,3
frame_1460.jpg,-4.9383,2
frame_1461.jpg,-11.38139,1
frame_1462.jpg,-5.676075,1
frame_1463.jpg,-1.368509,2
frame_1464.jpg,0.0,3
frame_1465.jpg,0.0,3
frame_1466.jpg,0.0,3
frame_1467.jpg,0.0,3
frame_1468.jpg,0.0,3
frame_1469.jpg,0.0,3
frame_1470.jpg,0.0,3
frame_1471.jpg,0.0,3
frame_1472.jpg,0.0,3
frame_1473.jpg,0.0,3
frame_1474.jpg,0.0,3
frame_1475.jpg,0.0,3
frame_1476.jpg,0.0,3
frame_1477.jpg,0.0,3
frame_1478.jpg,-5.84616,1
frame_1479.jpg,-10.38673,1
frame_1480.jpg,-2.034135,2
frame_1481.jpg,0.0,3
frame_1482.jpg,0.0,3
frame_1483.jpg,0.0,3
frame_1484.jpg,0.0,3
frame_1485.jpg,0.0,3
frame_1486.jpg,0.0,3
frame_1487.jpg,0.0,3
frame_1488.jpg,0.0,3
frame_1489.jpg,0.0,3
frame_1490.jpg,0.0,3
frame_1491.jpg,0.0,3
frame_1492.jpg,0.0,3
frame_1493.jpg,0.0,3
frame_1494.jpg,-7.115505,1
frame_1495.jpg,-7.115505,1
frame_1496.jpg,-5.036572,1
frame_1497.jpg,0.0,3
frame_1498.jpg,0.0,3
frame_1499.jpg,0.0,3
frame_1500.jpg,0.0,3
frame_1501.jpg,0.0,3
frame_1502.jpg,0.0,3
frame_1503.jpg,0.0,3
frame_1504.jpg,0.0,3
frame_1505.jpg,0.0,3
frame_1506.jpg,0.0,3
frame_1507.jpg,0.0,3
frame_1508.jpg,0.0,3
frame_1509.jpg,0.0,3
frame_1510.jpg,0.0,3
frame_1511.jpg,0.0,3
frame_1512.jpg,0.0,3
frame_1513.jpg,0.0,3
frame_1514.jpg,0.0,3
frame_1515.jpg,0.0,3
frame_1516.jpg,0.0,3
frame_1517.jpg,0.0,3
frame_1518.jpg,0.0,3
frame_1519.jpg,0.0,3
frame_1520.jpg,0.0,3
frame_1521.jpg,0.0,3
frame_1522.jpg,0.0,3
frame_1523.jpg,0.0,3
frame_1524.jpg,0.0,3
frame_1525.jpg,0.0,3
frame_1526.jpg,-4.441755,2
frame_1527.jpg,0.0,3
frame_1528.jpg,0.0,3
frame_1529.jpg,0.0,3
frame_1530.jpg,0.0,3
frame_1531.jpg,0.0,3
frame_1532.jpg,0.0,3
frame_1533.jpg,0.0,3
frame_1534.jpg,0.0,3
frame_1535.jpg,0.0,3
frame_1536.jpg,0.0,3
frame_1537.jpg,-2.052487,2
frame_1538.jpg,-8.159693,1
frame_1539.jpg,0.0,3
frame_1540.jpg,0.0,3
frame_1541.jpg,0.0,3
frame_1542.jpg,0.0,3
frame_1543.jpg,0.0,3
frame_1544.jpg,0.0,3
frame_1545.jpg,0.0,3
frame_1546.jpg,0.0,3
frame_1547.jpg,0.0,3
frame_1548.jpg,0.0,3
frame_1549.jpg,0.0,3
frame_1550.jpg,0.0,3
frame_1551.jpg,0.0,3
frame_1552.jpg,0.0,3
frame_1553.jpg,0.0,3
frame_1554.jpg,0.0,3
frame_1555.jpg,0.0,3
frame_1556.jpg,0.0,3
frame_1557.jpg,0.0,3
frame_1558.jpg,0.0,3
frame_1559.jpg,0.0,3
frame_1560.jpg,0.0,3
frame_1561.jpg,0.0,3
frame_1562.jpg,0.0,3
frame_1563.jpg,0.0,3
frame_1564.jpg,0.0,3
frame_1565.jpg,0.0,3
frame_1566.jpg,0.0,3
frame_1567.jpg,0.0,3
frame_1568.jpg,0.0,3
frame_1569.jpg,0.0,3
frame_1570.jpg,0.0,3
frame_1571.jpg,0.0,3
frame_1572.jpg,0.0,3
frame_1573.jpg,0.0,3
frame_1574.jpg,0.0,3
frame_1575.jpg,4.963133,4
frame_1576.jpg,5.24715,5
frame_1577.jpg,0.01274236,4
frame_1578.jpg,0.0,3
frame_1579.jpg,0.0,3
frame_1580.jpg,0.0,3
frame_1581.jpg,0.0,3
frame_1582.jpg,0.0,3
frame_1583.jpg,4.406415,4
frame_1584.jpg,9.48963,5
frame_1585.jpg,6.217875,5
frame_1586.jpg,0.0,3
frame_1587.jpg,0.0,3
frame_1588.jpg,0.0,3
frame_1589.jpg,0.0,3
frame_1590.jpg,0.0,3
frame_1591.jpg,0.0,3
frame_1592.jpg,0.0,3
frame_1593.jpg,0.0,3
frame_1594.jpg,0.0,3
frame_1595.jpg,2.496548,4
frame_1596.jpg,5.717692,5
frame_1597.jpg,11.1649,5
frame_1598.jpg,8.226967,5
frame_1599.jpg,3.295657,4
frame_1600.jpg,0.0,3
frame_1601.jpg,0.0,3
frame_1602.jpg,0.0,3
frame_1603.jpg,0.0,3
frame_1604.jpg,0.0,3
frame_1605.jpg,0.0,3
frame_1606.jpg,0.0,3
frame_1607.jpg,0.0,3
frame_1608.jpg,0.0,3
frame_1609.jpg,5.255189,5
frame_1610.jpg,10.43002,5
frame_1611.jpg,18.33865,6
frame_1612.jpg,12.91177,5
frame_1613.jpg,7.892504,5
frame_1614.jpg,2.431409,4
frame_1615.jpg,0.0,3
frame_1616.jpg,0.0,3
frame_1617.jpg,0.0,3
frame_1618.jpg,0.0,3
frame_1619.jpg,0.0,3
frame_1620.jpg,0.0,3
frame_1621.jpg,0.0,3
frame_1622.jpg,5.868728,5
frame_1623.jpg,12.12406,5
frame_1624.jpg,13.55696,5
frame_1625.jpg,8.532188,5
frame_1626.jpg,3.048572,4
frame_1627.jpg,0.0,3
frame_1628.jpg,0.0,3
frame_1629.jpg,0.0,3
frame_1630.jpg,5.652413,5
frame_1631.jpg,11.94905,5
frame_1632.jpg,16.21097,6
frame_1633.jpg,11.86048,5
frame_1634.jpg,6.776941,5
frame_1635.jpg,2.303108,4
frame_1636.jpg,0.0,3
frame_1637.jpg,0.0,3
frame_1638.jpg,0.0,3
frame_1639.jpg,0.0,3
frame_1640.jpg,0.0,3
frame_1641.jpg,0.0,3
frame_1642.jpg,4.735103,4
frame_1643.jpg,10.51482,5
frame_1644.jpg,15.8162,6
frame_1645.jpg,13.33507,5
frame_1646.jpg,7.240356,5
frame_1647.jpg,0.9652041,4
frame_1648.jpg,0.0,3
frame_1649.jpg,0.0,3
frame_1650.jpg,0.0,3
frame_1651.jpg,0.0,3
frame_1652.jpg,3.342907,4
frame_1653.jpg,9.538148,5
frame_1654.jpg,18.1278,6
frame_1655.jpg,21.90153,6
frame_1656.jpg,16.67825,6
frame_1657.jpg,11.15159,5
frame_1658.jpg,5.228776,5
frame_1659.jpg,0.0,3
frame_1660.jpg,0.0,3
frame_1661.jpg,0.0,3
frame_1662.jpg,0.0,3
frame_1663.jpg,0.0,3
frame_1664.jpg,0.0,3
frame_1665.jpg,0.0,3
frame_1666.jpg,0.0,3
frame_1667.jpg,0.0,3
frame_1668.jpg,0.0,3
frame_1669.jpg,0.0,3
frame_1670.jpg,0.0,3
frame_1671.jpg,0.0,3
frame_1672.jpg,0.0,3
frame_1673.jpg,0.0,3
frame_1674.jpg,0.0,3
frame_1675.jpg,0.0,3
frame_1676.jpg,0.0,3
frame_1677.jpg,0.0,3
frame_1678.jpg,0.0,3
frame_1679.jpg,0.0,3
frame_1680.jpg,0.0,3
frame_1681.jpg,0.0,3
frame_1682.jpg,0.0,3
frame_1683.jpg,0.0,3
frame_1684.jpg,0.0,3
frame_1685.jpg,0.0,3
frame_1686.jpg,0.0,3
frame_1687.jpg,0.0,3
frame_1688.jpg,2.586518,4
frame_1689.jpg,9.814876,5
frame_1690.jpg,3.026483,4
frame_1691.jpg,0.0,3
frame_1692.jpg,0.0,3
frame_1693.jpg,0.0,3
frame_1694.jpg,0.0,3
frame_1695.jpg,5.152133,5
frame_1696.jpg,10.87258,5
frame_1697.jpg,4.173697,4
frame_1698.jpg,0.0,3
frame_1699.jpg,0.0,3
frame_1700.jpg,0.0,3
frame_1701.jpg,0.0,3
frame_1702.jpg,3.521918,4
frame_1703.jpg,3.699976,4
frame_1704.jpg,0.0,3
frame_1705.jpg,0.0,3
frame_1706.jpg,0.0,3
frame_1707.jpg,0.0,3
frame_1708.jpg,0.0,3
frame_1709.jpg,0.0,3
frame_1710.jpg,0.0,3
frame_1711.jpg,0.0,3
frame_1712.jpg,0.0,3
frame_1713.jpg,0.0,3
frame_1714.jpg,0.0,3
frame_1715.jpg,0.0,3
frame_1716.jpg,0.0,3
frame_1717.jpg,0.0,3
frame_1718.jpg,0.0,3
frame_1719.jpg,0.0,3
frame_1720.jpg,0.0,3
frame_1721.jpg,0.0,3
frame_1722.jpg,0.0,3
frame_1723.jpg,0.0,3
frame_1724.jpg,0.0,3
frame_1725.jpg,0.0,3
frame_1726.jpg,0.0,3
frame_1727.jpg,0.0,3
frame_1728.jpg,0.0,3
frame_1729.jpg,0.0,3
frame_1730.jpg,0.0,3
frame_1731.jpg,0.0,3
frame_1732.jpg,0.0,3
frame_1733.jpg,0.0,3
frame_1734.jpg,0.0,3
frame_1735.jpg,0.0,3
frame_1736.jpg,0.0,3
frame_1737.jpg,0.0,3
frame_1738.jpg,0.0,3
frame_1739.jpg,0.0,3
frame_1740.jpg,0.0,3
frame_1741.jpg,0.0,3
frame_1742.jpg,0.0,3
frame_1743.jpg,0.0,3
frame_1744.jpg,0.0,3
frame_1745.jpg,0.0,3
frame_1746.jpg,0.0,3
frame_1747.jpg,0.0,3
frame_1748.jpg,0.0,3
frame_1749.jpg,0.0,3
frame_1750.jpg,0.0,3
frame_1751.jpg,0.0,3
frame_1752.jpg,0.0,3
frame_1753.jpg,0.0,3
frame_1754.jpg,0.0,3
frame_1755.jpg,0.0,3
frame_1756.jpg,0.0,3
frame_1757.jpg,0.0,3
frame_1758.jpg,0.0,3
frame_1759.jpg,0.0,3
frame_1760.jpg,0.0,3
frame_1761.jpg,0.0,3
frame_1762.jpg,0.0,3
frame_1763.jpg,0.0,3
frame_1764.jpg,0.0,3
frame_1765.jpg,0.0,3
frame_1766.jpg,0.0,3
frame_1767.jpg,0.0,3
frame_1768.jpg,0.0,3
frame_1769.jpg,0.0,3
frame_1770.jpg,0.0,3
frame_1771.jpg,0.0,3
frame_1772.jpg,0.0,3
frame_1773.jpg,0.0,3
frame_1774.jpg,0.0,3
frame_1775.jpg,0.0,3
frame_1776.jpg,0.0,3
frame_1777.jpg,0.0,3
frame_1778.jpg,0.0,3
frame_1779.jpg,0.0,3
frame_1780.jpg,0.0,3
frame_1781.jpg,0.0,3
frame_1782.jpg,0.0,3
frame_1783.jpg,0.0,3
frame_1784.jpg,0.0,3
frame_1785.jpg,0.0,3
frame_1786.jpg,-5.381745,1
frame_1787.jpg,-8.978445,1
frame_1788.jpg,-10.67243,1
frame_1789.jpg,-4.52226,2
frame_1790.jpg,0.0,3
frame_1791.jpg,0.0,3
frame_1792.jpg,0.0,3
frame_1793.jpg,0.0,3
frame_1794.jpg,0.0,3
frame_1795.jpg,0.0,3
frame_1796.jpg,0.0,3
frame_1797.jpg,0.0,3
frame_1798.jpg,0.0,3
frame_1799.jpg,0.0,3
frame_1800.jpg,0.0,3
frame_1801.jpg,0.0,3
frame_1802.jpg,0.0,3
frame_1803.jpg,0.0,3
frame_1804.jpg,0.0,3
frame_1805.jpg,0.0,3
frame_1806.jpg,0.0,3
frame_1807.jpg,0.0,3
frame_1808.jpg,0.0,3
frame_1809.jpg,-4.15488,2
frame_1810.jpg,-7.93476,1
frame_1811.jpg,-0.3720369,2
frame_1812.jpg,0.0,3
frame_1813.jpg,0.0,3
frame_1814.jpg,0.0,3
frame_1815.jpg,0.0,3
frame_1816.jpg,0.0,3
frame_1817.jpg,0.0,3
frame_1818.jpg,0.0,3
frame_1819.jpg,0.0,3
frame_1820.jpg,-2.05647,2
frame_1821.jpg,-12.25593,1
frame_1822.jpg,-2.999879,2
frame_1823.jpg,0.0,3
frame_1824.jpg,0.0,3
frame_1825.jpg,0.0,3
frame_1826.jpg,0.0,3
frame_1827.jpg,0.0,3
frame_1828.jpg,0.0,3
frame_1829.jpg,0.0,3
frame_1830.jpg,0.0,3
frame_1831.jpg,0.0,3
frame_1832.jpg,0.0,3
frame_1833.jpg,0.0,3
frame_1834.jpg,0.0,3
frame_1835.jpg,0.0,3
frame_1836.jpg,0.0,3
frame_1837.jpg,0.0,3
frame_1838.jpg,0.0,3
frame_1839.jpg,0.0,3
frame_1840.jpg,0.0,3
frame_1841.jpg,0.0,3
frame_1842.jpg,0.0,3
frame_1843.jpg,0.0,3
frame_1844.jpg,0.0,3
frame_1845.jpg,0.0,3
frame_1846.jpg,5.94891,5
frame_1847.jpg,9.986917,5
frame_1848.jpg,5.512913,5
frame_1849.jpg,1.488487,4
frame_1850.jpg,0.0,3
frame_1851.jpg,0.0,3
frame_1852.jpg,0.0,3
frame_1853.jpg,0.0,3
frame_1854.jpg,0.0,3
frame_1855.jpg,0.0,3
frame_1856.jpg,0.0,3
frame_1857.jpg,0.0,3
frame_1858.jpg,0.0,3
frame_1859.jpg,0.0,3
frame_1860.jpg,0.0,3
frame_1861.jpg,4.104338,4
frame_1862.jpg,7.939267,5
frame_1863.jpg,0.2108246,4
frame_1864.jpg,0.0,3
frame_1865.jpg,0.0,3
frame_1866.jpg,0.0,3
frame_1867.jpg,0.0,3
frame_1868.jpg,0.0,3
frame_1869.jpg,0.0,3
frame_1870.jpg,0.0,3
frame_1871.jpg,0.0,3
frame_1872.jpg,0.0,3
frame_1873.jpg,8.450003,5
frame_1874.jpg,13.48552,5
frame_1875.jpg,5.8002,5
frame_1876.jpg,0.8960776,4
frame_1877.jpg,0.0,3
frame_1878.jpg,0.0,3
frame_1879.jpg,0.0,3
frame_1880.jpg,0.0,3
frame_1881.jpg,0.0,3
frame_1882.jpg,0.0,3
frame_1883.jpg,0.0,3
frame_1884.jpg,0.0,3
frame_1885.jpg,0.0,3
frame_1886.jpg,0.0,3
frame_1887.jpg,6.147705,5
frame_1888.jpg,1.393297,4
frame_1889.jpg,0.0,3
frame_1890.jpg,0.0,3
frame_1891.jpg,0.0,3
frame_1892.jpg,0.0,3
frame_1893.jpg,0.0,3
frame_1894.jpg,0.0,3
frame_1895.jpg,9.435952,5
frame_1896.jpg,9.435952,5
frame_1897.jpg,0.0,3
frame_1898.jpg,0.0,3
frame_1899.jpg,0.0,3
frame_1900.jpg,0.0,3
frame_1901.jpg,0.0,3
frame_1902.jpg,0.0,3
frame_1903.jpg,0.0,3
frame_1904.jpg,0.0,3
frame_1905.jpg,0.0,3
frame_1906.jpg,0.0,3
frame_1907.jpg,0.0,3
frame_1908.jpg,0.0,3
frame_1909.jpg,6.981442,5
frame_1910.jpg,0.0,3
frame_1911.jpg,0.0,3
frame_1912.jpg,0.0,3
frame_1913.jpg,0.0,3
frame_1914.jpg,0.0,3
frame_1915.jpg,0.0,3
frame_1916.jpg,0.0,3
frame_1917.jpg,0.0,3
frame_1918.jpg,0.0,3
frame_1919.jpg,0.0,3
frame_1920.jpg,0.0,3
frame_1921.jpg,0.0,3
frame_1922.jpg,0.0,3
frame_1923.jpg,0.0,3
frame_1924.jpg,0.0,3
frame_1925.jpg,0.0,3
frame_1926.jpg,0.0,3
frame_1927.jpg,0.0,3
frame_1928.jpg,0.0,3
frame_1929.jpg,0.0,3
frame_1930.jpg,0.0,3
frame_1931.jpg,0.0,3
frame_1932.jpg,6.191962,5
frame_1933.jpg,0.0,3
frame_1934.jpg,0.0,3
frame_1935.jpg,0.0,3
frame_1936.jpg,0.0,3
frame_1937.jpg,0.0,3
frame_1938.jpg,0.0,3
frame_1939.jpg,0.0,3
frame_1940.jpg,0.0,3
frame_1941.jpg,0.0,3
frame_1942.jpg,0.0,3
frame_1943.jpg,0.0,3
frame_1944.jpg,0.0,3
frame_1945.jpg,0.0,3
frame_1946.jpg,0.0,3
frame_1947.jpg,0.0,3
frame_1948.jpg,0.0,3
frame_1949.jpg,-4.623622,2
frame_1950.jpg,0.0,3
frame_1951.jpg,0.0,3
frame_1952.jpg,0.0,3
frame_1953.jpg,0.0,3
frame_1954.jpg,0.0,3
frame_1955.jpg,0.0,3
frame_1956.jpg,0.0,3
frame_1957.jpg,0.0,3
frame_1958.jpg,0.0,3
frame_1959.jpg,-2.876647,2
frame_1960.jpg,0.0,3
frame_1961.jpg,0.0,3
frame_1962.jpg,0.0,3
frame_1963.jpg,0.0,3
frame_1964.jpg,0.0,3
frame_1965.jpg,0.0,3
frame_1966.jpg,0.0,3
frame_1967.jpg,0.0,3
frame_1968.jpg,0.0,3
frame_1969.jpg,0.0,3
frame_1970.jpg,0.0,3
frame_1971.jpg,0.0,3
frame_1972.jpg,0.0,3
frame_1973.jpg,0.0,3
frame_1974.jpg,0.0,3
frame_1975.jpg,0.0,3
frame_1976.jpg,0.0,3
frame_1977.jpg,2.673172,4
frame_1978.jpg,6.999698,5
frame_1979.jpg,0.0,3
frame_1980.jpg,0.0,3
frame_1981.jpg,0.0,3
frame_1982.jpg,0.0,3
frame_1983.jpg,0.0,3
frame_1984.jpg,0.0,3
frame_1985.jpg,4.10355,4
frame_1986.jpg,6.917752,5
frame_1987.jpg,0.0,3
frame_1988.jpg,0.0,3
frame_1989.jpg,0.0,3
frame_1990.jpg,0.0,3
frame_1991.jpg,0.0,3
frame_1992.jpg,0.0,3
frame_1993.jpg,-7.780319,1
frame_1994.jpg,-4.146532,2
frame_1995.jpg,-0.5527269,2
frame_1996.jpg,0.0,3
frame_1997.jpg,0.0,3
frame_1998.jpg,0.0,3
frame_1999.jpg,0.0,3
frame_2000.jpg,0.0,3
frame_2001.jpg,0.0,3
frame_2002.jpg,0.0,3
frame_2003.jpg,0.0,3
frame_2004.jpg,0.0,3
frame_2005.jpg,0.0,3
frame_2006.jpg,0.0,3
frame_2007.jpg,4.000455,4
frame_2008.jpg,3.705608,4
frame_2009.jpg,0.0,3
frame_2010.jpg,0.0,3
frame_2011.jpg,0.0,3
frame_2012.jpg,0.0,3
frame_2013.jpg,0.0,3
frame_2014.jpg,0.0,3
frame_2015.jpg,0.0,3
frame_2016.jpg,0.0,3
frame_2017.jpg,0.0,3
frame_2018.jpg,0.0,3
frame_2019.jpg,0.0,3
frame_2020.jpg,0.0,3
frame_2021.jpg,0.0,3
frame_2022.jpg,0.0,3
frame_2023.jpg,0.0,3
frame_2024.jpg,0.0,3
frame_2025.jpg,0.0,3
frame_2026.jpg,0.0,3
frame_2027.jpg,0.0,3
frame_2028.jpg,0.0,3
frame_2029.jpg,0.0,3
frame_2030.jpg,0.0,3
frame_2031.jpg,0.0,3
frame_2032.jpg,0.0,3
frame_2033.jpg,0.0,3
frame_2034.jpg,0.0,3
frame_2035.jpg,0.0,3
frame_2036.jpg,0.0,3
frame_2037.jpg,0.0,3
frame_2038.jpg,0.0,3
frame_2039.jpg,0.0,3
frame_2040.jpg,3.470542,4
frame_2041.jpg,6.3459,5
frame_2042.jpg,10.3977,5
frame_2043.jpg,4.824831,4
frame_2044.jpg,2.092979,4
frame_2045.jpg,0.0,3
frame_2046.jpg,0.0,3
frame_2047.jpg,0.0,3
frame_2048.jpg,0.0,3
frame_2049.jpg,0.0,3
frame_2050.jpg,0.0,3
frame_2051.jpg,0.0,3
frame_2052.jpg,0.0,3
frame_2053.jpg,0.0,3
frame_2054.jpg,0.0,3
frame_2055.jpg,0.0,3
frame_2056.jpg,9.075337,5
frame_2057.jpg,12.62943,5
frame_2058.jpg,6.68592,5
frame_2059.jpg,0.76803,4
frame_2060.jpg,0.0,3
frame_2061.jpg,0.0,3
frame_2062.jpg,0.0,3
frame_2063.jpg,0.0,3
frame_2064.jpg,0.0,3
frame_2065.jpg,0.0,3
frame_2066.jpg,0.0,3
frame_2067.jpg,8.754667,5
frame_2068.jpg,14.2813,5
frame_2069.jpg,6.184381,5
frame_2070.jpg,1.876433,4
frame_2071.jpg,0.0,3
frame_2072.jpg,0.0,3
frame_2073.jpg,0.0,3
frame_2074.jpg,0.0,3
frame_2075.jpg,5.888738,5
frame_2076.jpg,9.811365,5
frame_2077.jpg,14.52953,5
frame_2078.jpg,20.52723,6
frame_2079.jpg,15.08381,6
frame_2080.jpg,8.841181,5
frame_2081.jpg,2.693034,4
frame_2082.jpg,0.0,3
frame_2083.jpg,0.0,3
frame_2084.jpg,0.0,3
frame_2085.jpg,0.0,3
frame_2086.jpg,0.0,3
frame_2087.jpg,0.0,3
frame_2088.jpg,0.0,3
frame_2089.jpg,0.0,3
frame_2090.jpg,0.0,3
frame_2091.jpg,0.0,3
frame_2092.jpg,0.0,3
frame_2093.jpg,0.0,3
frame_2094.jpg,0.0,3
frame_2095.jpg,0.0,3
frame_2096.jpg,0.0,3
frame_2097.jpg,0.0,3
frame_2098.jpg,0.0,3
frame_2099.jpg,0.0,3
frame_2100.jpg,4.353757,4
frame_2101.jpg,0.0,3
frame_2102.jpg,0.0,3
frame_2103.jpg,0.0,3
frame_2104.jpg,0.0,3
frame_2105.jpg,0.0,3
frame_2106.jpg,5.277413,5
frame_2107.jpg,8.240153,5
frame_2108.jpg,11.3607,5
frame_2109.jpg,4.672658,4
frame_2110.jpg,0.0,3
frame_2111.jpg,0.0,3
frame_2112.jpg,0.0,3
frame_2113.jpg,0.0,3
frame_2114.jpg,0.0,3
frame_2115.jpg,0.0,3
frame_2116.jpg,0.0,3
frame_2117.jpg,0.0,3
frame_2118.jpg,0.0,3
frame_2119.jpg,0.0,3
frame_2120.jpg,0.0,3
frame_2121.jpg,0.0,3
frame_2122.jpg,-5.37672,1
frame_2123.jpg,-3.572835,2
frame_2124.jpg,0.0,3
frame_2125.jpg,0.0,3
frame_2126.jpg,0.0,3
frame_2127.jpg,0.0,3
frame_2128.jpg,0.0,3
frame_2129.jpg,0.0,3
frame_2130.jpg,0.0,3
frame_2131.jpg,0.0,3
frame_2132.jpg,0.0,3
frame_2133.jpg,0.0,3
frame_2134.jpg,0.0,3
frame_2135.jpg,0.0,3
frame_2136.jpg,0.0,3
frame_2137.jpg,0.0,3
frame_2138.jpg,0.0,3
frame_2139.jpg,0.0,3
frame_2140.jpg,0.0,3
frame_2141.jpg,0.0,3
frame_2142.jpg,0.0,3
frame_2143.jpg,0.0,3
frame_2144.jpg,0.0,3
frame_2145.jpg,0.0,3
frame_2146.jpg,0.0,3
frame_2147.jpg,0.0,3
frame_2148.jpg,0.0,3
frame_2149.jpg,0.0,3
frame_2150.jpg,0.0,3
frame_2151.jpg,0.0,3
frame_2152.jpg,0.0,3
frame_2153.jpg,0.0,3
frame_2154.jpg,0.0,3
frame_2155.jpg,0.0,3
frame_2156.jpg,0.0,3
frame_2157.jpg,0.0,3
frame_2158.jpg,0.0,3
frame_2159.jpg,0.0,3
frame_2160.jpg,0.0,3
frame_2161.jpg,0.0,3
frame_2162.jpg,0.0,3
frame_2163.jpg,0.0,3
frame_2164.jpg,0.0,3
frame_2165.jpg,0.0,3
frame_2166.jpg,0.0,3
frame_2167.jpg,0.0,3
frame_2168.jpg,0.0,3
frame_2169.jpg,0.0,3
frame_2170.jpg,0.0,3
frame_2171.jpg,0.0,3
frame_2172.jpg,0.0,3
frame_2173.jpg,-1.099245,2
frame_2174.jpg,0.0,3
frame_2175.jpg,0.0,3
frame_2176.jpg,0.0,3
frame_2177.jpg,0.0,3
frame_2178.jpg,0.0,3
frame_2179.jpg,0.0,3
frame_2180.jpg,0.0,3
frame_2181.jpg,-2.72625,2
frame_2182.jpg,-6.261593,1
frame_2183.jpg,0.0,3
frame_2184.jpg,0.0,3
frame_2185.jpg,0.0,3
frame_2186.jpg,0.0,3
frame_2187.jpg,0.0,3
frame_2188.jpg,0.0,3
frame_2189.jpg,0.0,3
frame_2190.jpg,0.0,3
frame_2191.jpg,0.0,3
frame_2192.jpg,0.0,3
frame_2193.jpg,0.0,3
frame_2194.jpg,0.0,3
frame_2195.jpg,0.0,3
frame_2196.jpg,0.0,3
frame_2197.jpg,0.0,3
frame_2198.jpg,0.0,3
frame_2199.jpg,0.0,3
frame_2200.jpg,4.04196,4
frame_2201.jpg,8.696797,5
frame_2202.jpg,0.0,3
frame_2203.jpg,0.0,3
frame_2204.jpg,0.0,3
frame_2205.jpg,0.0,3
frame_2206.jpg,0.0,3
frame_2207.jpg,0.0,3
frame_2208.jpg,0.0,3
frame_2209.jpg,0.0,3
frame_2210.jpg,0.0,3
frame_2211.jpg,0.0,3
frame_2212.jpg,3.440085,4
frame_2213.jpg,12.32752,5
frame_2214.jpg,7.757655,5
frame_2215.jpg,3.261195,4
frame_2216.jpg,0.0,3
frame_2217.jpg,0.0,3
frame_2218.jpg,0.0,3
frame_2219.jpg,0.0,3
frame_2220.jpg,0.0,3
frame_2221.jpg,0.0,3
frame_2222.jpg,0.0,3
frame_2223.jpg,0.0,3
frame_2224.jpg,0.0,3
frame_2225.jpg,0.0,3
frame_2226.jpg,0.0,3
frame_2227.jpg,0.0,3
frame_2228.jpg,0.0,3
frame_2229.jpg,0.0,3
frame_2230.jpg,0.0,3
frame_2231.jpg,0.0,3
frame_2232.jpg,0.0,3
frame_2233.jpg,5.295907,5
frame_2234.jpg,8.321918,5
frame_2235.jpg,5.03055,5
frame_2236.jpg,0.0853505,4
frame_2237.jpg,0.0,3
frame_2238.jpg,0.0,3
frame_2239.jpg,0.0,3
frame_2240.jpg,0.0,3
frame_2241.jpg,0.0,3
frame_2242.jpg,0.0,3
frame_2243.jpg,0.0,3
frame_2244.jpg,0.0,3
frame_2245.jpg,0.0,3
frame_2246.jpg,0.0,3
frame_2247.jpg,0.0,3
frame_2248.jpg,0.0,3
frame_2249.jpg,0.0,3
frame_2250.jpg,0.0,3
frame_2251.jpg,0.0,3
frame_2252.jpg,0.0,3
frame_2253.jpg,0.0,3
frame_2254.jpg,0.0,3
frame_2255.jpg,0.0,3
frame_2256.jpg,-2.182568,2
frame_2257.jpg,-6.616463,1
frame_2258.jpg,-1.116998,2
frame_2259.jpg,0.0,3
frame_2260.jpg,0.0,3
frame_2261.jpg,0.0,3
frame_2262.jpg,0.0,3
frame_2263.jpg,0.0,3
frame_2264.jpg,2.010435,4
frame_2265.jpg,6.481883,5
frame_2266.jpg,1.217468,4
frame_2267.jpg,0.0,3
frame_2268.jpg,0.0,3
frame_2269.jpg,0.0,3
frame_2270.jpg,0.0,3
frame_2271.jpg,0.0,3
frame_2272.jpg,0.0,3
frame_2273.jpg,0.0,3
frame_2274.jpg,0.0,3
frame_2275.jpg,0.0,3
frame_2276.jpg,-1.788548,2
frame_2277.jpg,-5.169135,1
frame_2278.jpg,0.0,3
frame_2279.jpg,0.0,3
frame_2280.jpg,0.0,3
frame_2281.jpg,-17.21203,0
frame_2282.jpg,-17.21203,0
frame_2283.jpg,-7.519537,1
frame_2284.jpg,0.0,3
frame_2285.jpg,0.0,3
frame_2286.jpg,0.0,3
frame_2287.jpg,0.0,3
frame_2288.jpg,0.0,3
frame_2289.jpg,0.0,3
frame_2290.jpg,0.0,3
frame_2291.jpg,6.10962,5
frame_2292.jpg,11.5511,5
frame_2293.jpg,16.85797,6
frame_2294.jpg,11.31717,5
frame_2295.jpg,4.055851,4
frame_2296.jpg,0.0,3
frame_2297.jpg,0.0,3
frame_2298.jpg,0.0,3
frame_2299.jpg,-3.733028,2
frame_2300.jpg,-5.414048,1
frame_2301.jpg,0.0,3
frame_2302.jpg,0.0,3
frame_2303.jpg,0.0,3
frame_2304.jpg,0.0,3
frame_2305.jpg,0.0,3
frame_2306.jpg,0.0,3
frame_2307.jpg,0.0,3
frame_2308.jpg,-7.122022,1
frame_2309.jpg,-2.758792,2
frame_2310.jpg,0.0,3
frame_2311.jpg,0.0,3
frame_2312.jpg,0.0,3
frame_2313.jpg,0.0,3
frame_2314.jpg,-2.38914,2
frame_2315.jpg,-7.3653,1
frame_2316.jpg,-10.93488,1
frame_2317.jpg,-7.537169,1
frame_2318.jpg,-0.2933394,2
frame_2319.jpg,0.0,3
frame_2320.jpg,0.0,3
frame_2321.jpg,0.0,3
frame_2322.jpg,0.0,3
frame_2323.jpg,-3.78186,2
frame_2324.jpg,-7.15008,1
frame_2325.jpg,-12.60472,1
frame_2326.jpg,-7.433895,1
frame_2327.jpg,-2.30064,2
frame_2328.jpg,0.0,3
frame_2329.jpg,0.0,3
frame_2330.jpg,0.0,3
frame_2331.jpg,0.0,3
frame_2332.jpg,0.0,3
frame_2333.jpg,0.0,3
frame_2334.jpg,0.0,3
frame_2335.jpg,0.0,3
frame_2336.jpg,-5.188343,1
frame_2337.jpg,-9.873765,1
frame_2338.jpg,-5.676856,1
frame_2339.jpg,-0.123788,2
frame_2340.jpg,0.0,3
frame_2341.jpg,0.0,3
frame_2342.jpg,0.0,3
frame_2343.jpg,0.0,3
frame_2344.jpg,0.0,3
frame_2345.jpg,0.0,3
frame_2346.jpg,0.0,3
frame_2347.jpg,0.0,3
frame_2348.jpg,0.0,3
frame_2349.jpg,0.0,3
frame_2350.jpg,0.0,3
frame_2351.jpg,0.0,3
frame_2352.jpg,0.0,3
frame_2353.jpg,0.0,3
frame_2354.jpg,0.0,3
frame_2355.jpg,0.0,3
frame_2356.jpg,0.0,3
frame_2357.jpg,0.0,3
frame_2358.jpg,0.0,3
frame_2359.jpg,0.0,3
frame_2360.jpg,0.0,3
frame_2361.jpg,4.23441,4
frame_2362.jpg,7.77414,5
frame_2363.jpg,3.682425,4
frame_2364.jpg,0.0,3
frame_2365.jpg,0.0,3
frame_2366.jpg,0.0,3
frame_2367.jpg,0.0,3
frame_2368.jpg,0.0,3
frame_2369.jpg,4.34853,4
frame_2370.jpg,9.897187,5
frame_2371.jpg,7.24482,5
frame_2372.jpg,1.280437,4
frame_2373.jpg,0.0,3
frame_2374.jpg,0.0,3
frame_2375.jpg,0.0,3
frame_2376.jpg,0.0,3
frame_2377.jpg,3.932843,4
frame_2378.jpg,8.156325,5
frame_2379.jpg,14.42157,5
frame_2380.jpg,19.06483,6
frame_2381.jpg,10.84133,5
frame_2382.jpg,5.987992,5
frame_2383.jpg,0.1887372,4
frame_2384.jpg,0.0,3
frame_2385.jpg,0.0,3
frame_2386.jpg,0.0,3
frame_2387.jpg,0.0,3
frame_2388.jpg,0.0,3
frame_2389.jpg,0.0,3
frame_2390.jpg,7.023795,5
frame_2391.jpg,13.70096,5
frame_2392.jpg,6.383699,5
frame_2393.jpg,2.526419,4
frame_2394.jpg,0.0,3
frame_2395.jpg,0.0,3
frame_2396.jpg,0.0,3
frame_2397.jpg,0.0,3
frame_2398.jpg,5.870265,5
frame_2399.jpg,10.66849,5
frame_2400.jpg,16.67131,6
frame_2401.jpg,19.71661,6
frame_2402.jpg,12.8246,5
frame_2403.jpg,7.101373,5
frame_2404.jpg,1.808609,4
frame_2405.jpg,0.0,3
frame_2406.jpg,0.0,3
frame_2407.jpg,0.0,3
frame_2408.jpg,0.0,3
frame_2409.jpg,0.0,3
frame_2410.jpg,0.0,3
frame_2411.jpg,0.0,3
frame_2412.jpg,0.0,3
frame_2413.jpg,0.0,3
frame_2414.jpg,0.0,3
frame_2415.jpg,4.14435,4
frame_2416.jpg,10.97983,5
frame_2417.jpg,9.783239,5
frame_2418.jpg,5.922637,5
frame_2419.jpg,0.0,3
frame_2420.jpg,0.0,3
frame_2421.jpg,0.0,3
frame_2422.jpg,0.0,3
frame_2423.jpg,0.0,3
frame_2424.jpg,0.0,3
frame_2425.jpg,0.0,3
frame_2426.jpg,0.0,3
frame_2427.jpg,0.0,3
frame_2428.jpg,0.0,3
frame_2429.jpg,0.0,3
frame_2430.jpg,0.0,3
frame_2431.jpg,0.0,3
frame_2432.jpg,0.0,3
frame_2433.jpg,0.0,3
frame_2434.jpg,0.0,3
frame_2435.jpg,0.0,3
frame_2436.jpg,0.0,3
frame_2437.jpg,0.0,3
frame_2438.jpg,5.03934,5
frame_2439.jpg,2.435108,4
frame_2440.jpg,0.0,3
frame_2441.jpg,0.0,3
frame_2442.jpg,0.0,3
frame_2443.jpg,0.0,3
frame_2444.jpg,0.0,3
frame_2445.jpg,0.0,3
frame_2446.jpg,0.0,3
frame_2447.jpg,0.0,3
frame_2448.jpg,0.0,3
frame_2449.jpg,0.0,3
frame_2450.jpg,0.0,3
frame_2451.jpg,0.0,3
frame_2452.jpg,0.0,3
frame_2453.jpg,0.0,3
frame_2454.jpg,2.842673,4
frame_2455.jpg,0.0,3
frame_2456.jpg,0.0,3
frame_2457.jpg,0.0,3
frame_2458.jpg,0.0,3
frame_2459.jpg,0.0,3
frame_2460.jpg,0.0,3
frame_2461.jpg,0.0,3
frame_2462.jpg,5.40147,5
frame_2463.jpg,1.93935,4
frame_2464.jpg,0.0,3
frame_2465.jpg,0.0,3
frame_2466.jpg,0.0,3
frame_2467.jpg,0.0,3
frame_2468.jpg,0.0,3
frame_2469.jpg,0.0,3
frame_2470.jpg,0.0,3
frame_2471.jpg,0.0,3
frame_2472.jpg,0.0,3
frame_2473.jpg,0.0,3
frame_2474.jpg,0.0,3
frame_2475.jpg,0.0,3
frame_2476.jpg,0.0,3
frame_2477.jpg,0.0,3
frame_2478.jpg,0.0,3
frame_2479.jpg,0.0,3
frame_2480.jpg,0.0,3
frame_2481.jpg,0.0,3
frame_2482.jpg,0.0,3
frame_2483.jpg,0.0,3
frame_2484.jpg,0.0,3
frame_2485.jpg,0.0,3
frame_2486.jpg,0.0,3
frame_2487.jpg,0.0,3
frame_2488.jpg,0.0,3
frame_2489.jpg,0.0,3
frame_2490.jpg,0.0,3
frame_2491.jpg,0.0,3
frame_2492.jpg,0.0,3
frame_2493.jpg,0.0,3
frame_2494.jpg,0.0,3
frame_2495.jpg,0.0,3
frame_2496.jpg,0.0,3
frame_2497.jpg,0.0,3
frame_2498.jpg,0.0,3
frame_2499.jpg,0.0,3
frame_2500.jpg,0.0,3
frame_2501.jpg,0.0,3
frame_2502.jpg,0.0,3
frame_2503.jpg,0.0,3
frame_2504.jpg,0.0,3
frame_2505.jpg,0.0,3
frame_2506.jpg,0.0,3
frame_2507.jpg,0.0,3
frame_2508.jpg,0.0,3
frame_2509.jpg,0.0,3
frame_2510.jpg,0.0,3
frame_2511.jpg,0.0,3
frame_2512.jpg,0.0,3
frame_2513.jpg,0.0,3
frame_2514.jpg,0.0,3
frame_2515.jpg,0.0,3
frame_2516.jpg,0.0,3
frame_2517.jpg,0.0,3
frame_2518.jpg,0.0,3
frame_2519.jpg,0.0,3
frame_2520.jpg,0.0,3
frame_2521.jpg,0.0,3
frame_2522.jpg,4.03905,4
frame_2523.jpg,9.694147,5
frame_2524.jpg,4.319234,4
frame_2525.jpg,0.0,3
frame_2526.jpg,0.0,3
frame_2527.jpg,0.0,3
frame_2528.jpg,0.0,3
frame_2529.jpg,0.0,3
frame_2530.jpg,0.0,3
frame_2531.jpg,0.0,3
frame_2532.jpg,4.626105,4
frame_2533.jpg,8.245259,5
frame_2534.jpg,3.379012,4
frame_2535.jpg,0.0,3
frame_2536.jpg,0.0,3
frame_2537.jpg,-2.060475,2
frame_2538.jpg,-7.563007,1
frame_2539.jpg,-2.862674,2
frame_2540.jpg,0.0,3
frame_2541.jpg,0.0,3
frame_2542.jpg,0.0,3
frame_2543.jpg,0.0,3
frame_2544.jpg,0.0,3
frame_2545.jpg,0.0,3
frame_2546.jpg,0.0,3
frame_2547.jpg,0.0,3
frame_2548.jpg,0.0,3
frame_2549.jpg,-6.673852,1
frame_2550.jpg,-1.394242,2
frame_2551.jpg,0.0,3
frame_2552.jpg,0.0,3
frame_2553.jpg,0.0,3
frame_2554.jpg,0.0,3
frame_2555.jpg,0.0,3
frame_2556.jpg,0.0,3
frame_2557.jpg,8.46405,5
frame_2558.jpg,0.0,3
frame_2559.jpg,0.0,3
frame_2560.jpg,0.0,3
frame_2561.jpg,0.0,3
frame_2562.jpg,0.0,3
frame_2563.jpg,0.0,3
frame_2564.jpg,0.0,3
frame_2565.jpg,0.0,3
frame_2566.jpg,0.0,3
frame_2567.jpg,0.0,3
frame_2568.jpg,0.0,3
frame_2569.jpg,0.0,3
frame_2570.jpg,0.0,3
frame_2571.jpg,0.0,3
frame_2572.jpg,0.0,3
frame_2573.jpg,0.0,3
frame_2574.jpg,0.0,3
frame_2575.jpg,0.0,3
frame_2576.jpg,0.0,3
frame_2577.jpg,0.0,3
frame_2578.jpg,0.0,3
frame_2579.jpg,0.0,3
frame_2580.jpg,0.0,3
frame_2581.jpg,0.0,3
frame_2582.jpg,0.0,3
frame_2583.jpg,0.0,3
frame_2584.jpg,0.0,3
frame_2585.jpg,0.0,3
frame_2586.jpg,0.0,3
frame_2587.jpg,0.0,3
frame_2588.jpg,0.0,3
frame_2589.jpg,0.0,3
frame_2590.jpg,0.0,3
frame_2591.jpg,0.0,3
frame_2592.jpg,0.0,3
frame_2593.jpg,0.0,3
frame_2594.jpg,0.0,3
frame_2595.jpg,0.0,3
frame_2596.jpg,0.0,3
frame_2597.jpg,0.0,3
frame_2598.jpg,0.0,3
frame_2599.jpg,-3.053587,2
frame_2600.jpg,-7.079782,1
frame_2601.jpg,-1.276868,2
frame_2602.jpg,0.0,3
frame_2603.jpg,0.0,3
frame_2604.jpg,0.0,3
frame_2605.jpg,0.0,3
frame_2606.jpg,0.0,3
frame_2607.jpg,0.0,3
frame_2608.jpg,0.0,3
frame_2609.jpg,0.0,3
frame_2610.jpg,0.0,3
frame_2611.jpg,0.0,3
frame_2612.jpg,0.0,3
frame_2613.jpg,0.0,3
frame_2614.jpg,0.0,3
frame_2615.jpg,0.0,3
frame_2616.jpg,0.0,3
frame_2617.jpg,0.0,3
frame_2618.jpg,0.0,3
frame_2619.jpg,-9.260962,1
frame_2620.jpg,-2.102647,2
frame_2621.jpg,0.0,3
frame_2622.jpg,0.0,3
frame_2623.jpg,0.0,3
frame_2624.jpg,0.0,3
frame_2625.jpg,0.0,3
frame_2626.jpg,0.0,3
frame_2627.jpg,5.277967,5
frame_2628.jpg,2.4387,4
frame_2629.jpg,0.0,3
frame_2630.jpg,0.0,3
frame_2631.jpg,0.0,3
frame_2632.jpg,0.0,3
frame_2633.jpg,0.0,3
frame_2634.jpg,0.0,3
frame_2635.jpg,0.0,3
frame_2636.jpg,0.0,3
frame_2637.jpg,0.0,3
frame_2638.jpg,0.0,3
frame_2639.jpg,0.0,3
frame_2640.jpg,0.0,3
frame_2641.jpg,0.0,3
frame_2642.jpg,0.0,3
frame_2643.jpg,0.0,3
frame_2644.jpg,0.0,3
frame_2645.jpg,0.0,3
frame_2646.jpg,0.0,3
frame_2647.jpg,0.0,3
frame_2648.jpg,0.0,3
frame_2649.jpg,0.0,3
frame_2650.jpg,0.0,3
frame_2651.jpg,0.0,3
frame_2652.jpg,0.0,3
frame_2653.jpg,0.0,3
frame_2654.jpg,-4.073678,2
frame_2655.jpg,-9.513571,1
frame_2656.jpg,-2.777145,2
frame_2657.jpg,0.0,3
frame_2658.jpg,0.0,3
frame_2659.jpg,0.0,3
frame_2660.jpg,0.0,3
frame_2661.jpg,0.0,3
frame_2662.jpg,0.0,3
frame_2663.jpg,0.0,3
frame_2664.jpg,0.0,3
frame_2665.jpg,-1.747882,2
frame_2666.jpg,-6.087015,1
frame_2667.jpg,0.0,3
frame_2668.jpg,0.0,3
frame_2669.jpg,0.0,3
frame_2670.jpg,0.0,3
frame_2671.jpg,0.0,3
frame_2672.jpg,0.0,3
frame_2673.jpg,-5.533943,1
frame_2674.jpg,-12.16362,1
frame_2675.jpg,-7.501193,1
frame_2676.jpg,-0.941978,2
frame_2677.jpg,0.0,3
frame_2678.jpg,0.0,3
frame_2679.jpg,0.0,3
frame_2680.jpg,0.0,3
frame_2681.jpg,-2.207978,2
frame_2682.jpg,-5.983628,1
frame_2683.jpg,-2.33721,2
frame_2684.jpg,0.0,3
frame_2685.jpg,0.0,3
frame_2686.jpg,0.0,3
frame_2687.jpg,0.0,3
frame_2688.jpg,0.0,3
frame_2689.jpg,-3.040695,2
frame_2690.jpg,-6.835124,1
frame_2691.jpg,-0.5762026,2
frame_2692.jpg,0.0,3
frame_2693.jpg,0.0,3
frame_2694.jpg,0.0,3
frame_2695.jpg,-4.32723,2
frame_2696.jpg,-4.9701,2
frame_2697.jpg,0.0,3
frame_2698.jpg,0.0,3
frame_2699.jpg,0.0,3
frame_2700.jpg,0.0,3
frame_2701.jpg,0.0,3
frame_2702.jpg,0.0,3
frame_2703.jpg,-5.137823,1
frame_2704.jpg,-1.538842,2
frame_2705.jpg,0.0,3
frame_2706.jpg,0.0,3
frame_2707.jpg,0.0,3
frame_2708.jpg,0.0,3
frame_2709.jpg,0.0,3
frame_2710.jpg,0.0,3
frame_2711.jpg,-6.609413,1
frame_2712.jpg,-1.475183,2
frame_2713.jpg,0.0,3
frame_2714.jpg,0.0,3
frame_2715.jpg,0.0,3
frame_2716.jpg,0.0,3
frame_2717.jpg,0.0,3
frame_2718.jpg,0.0,3
frame_2719.jpg,-2.743957,2
frame_2720.jpg,-8.10342,1
frame_2721.jpg,-4.508152,2
frame_2722.jpg,0.0,3
frame_2723.jpg,0.0,3
frame_2724.jpg,0.0,3
frame_2725.jpg,0.0,3
frame_2726.jpg,0.0,3
frame_2727.jpg,-7.540268,1
frame_2728.jpg,-3.834473,2
frame_2729.jpg,0.0,3
frame_2730.jpg,0.0,3
frame_2731.jpg,-3.391898,2
frame_2732.jpg,-10.63396,1
frame_2733.jpg,-6.026805,1
frame_2734.jpg,0.0,3
frame_2735.jpg,-7.762012,1
frame_2736.jpg,-11.52949,1
frame_2737.jpg,-17.94403,0
frame_2738.jpg,-9.977661,1
frame_2739.jpg,-6.758751,1
frame_2740.jpg,0.0,3
frame_2741.jpg,-4.606358,2
frame_2742.jpg,-9.793808,1
frame_2743.jpg,-5.83017,1
frame_2744.jpg,0.0,3
frame_2745.jpg,0.0,3
frame_2746.jpg,0.0,3
frame_2747.jpg,0.0,3
frame_2748.jpg,-2.399318,2
frame_2749.jpg,-7.107525,1
frame_2750.jpg,-11.79449,1
frame_2751.jpg,-8.844488,1
frame_2752.jpg,-3.772426,2
frame_2753.jpg,0.0,3
frame_2754.jpg,0.0,3
frame_2755.jpg,0.0,3
frame_2756.jpg,0.0,3
frame_2757.jpg,0.0,3
frame_2758.jpg,0.0,3
frame_2759.jpg,-6.04413,1
frame_2760.jpg,-3.287107,2
frame_2761.jpg,0.0,3
frame_2762.jpg,0.0,3
frame_2763.jpg,-1.64091,2
frame_2764.jpg,-6.990367,1
frame_2765.jpg,-12.34774,1
frame_2766.jpg,-19.46761,0
frame_2767.jpg,-15.83429,0
frame_2768.jpg,-8.47338,1
frame_2769.jpg,-0.6588154,2
frame_2770.jpg,0.0,3
frame_2771.jpg,0.0,3
frame_2772.jpg,0.0,3
frame_2773.jpg,0.0,3
frame_2774.jpg,0.0,3
frame_2775.jpg,-6.204352,1
frame_2776.jpg,-10.38229,1
frame_2777.jpg,-18.63834,0
frame_2778.jpg,-13.58377,1
frame_2779.jpg,-9.485736,1
frame_2780.jpg,-1.123671,2
frame_2781.jpg,0.0,3
frame_2782.jpg,0.0,3
frame_2783.jpg,0.0,3
frame_2784.jpg,0.0,3
frame_2785.jpg,0.0,3
frame_2786.jpg,0.0,3
frame_2787.jpg,4.740278,4
frame_2788.jpg,11.18687,5
frame_2789.jpg,4.13517,4
frame_2790.jpg,0.0,3
frame_2791.jpg,0.0,3
frame_2792.jpg,0.0,3
frame_2793.jpg,-5.473425,1
frame_2794.jpg,-1.943498,2
frame_2795.jpg,0.0,3
frame_2796.jpg,0.0,3
frame_2797.jpg,0.0,3
frame_2798.jpg,0.0,3
frame_2799.jpg,-6.517538,1
frame_2800.jpg,-3.208725,2
frame_2801.jpg,0.0,3
frame_2802.jpg,0.0,3
frame_2803.jpg,0.0,3
frame_2804.jpg,0.0,3
frame_2805.jpg,0.0,3
frame_2806.jpg,0.0,3
frame_2807.jpg,0.0,3
frame_2808.jpg,-6.816833,1
frame_2809.jpg,-2.292211,2
frame_2810.jpg,0.0,3
frame_2811.jpg,0.0,3
frame_2812.jpg,0.0,3
frame_2813.jpg,0.0,3
frame_2814.jpg,0.0,3
frame_2815.jpg,0.0,3
frame_2816.jpg,0.0,3
frame_2817.jpg,0.0,3
frame_2818.jpg,-5.307023,1
frame_2819.jpg,-9.4233,1
frame_2820.jpg,-6.678982,1
frame_2821.jpg,0.0,3
frame_2822.jpg,0.0,3
frame_2823.jpg,0.0,3
frame_2824.jpg,0.0,3
frame_2825.jpg,0.0,3
frame_2826.jpg,0.0,3
frame_2827.jpg,0.0,3
frame_2828.jpg,0.0,3
frame_2829.jpg,0.0,3
frame_2830.jpg,5.263387,5
frame_2831.jpg,9.503881,5
frame_2832.jpg,0.0,3
frame_2833.jpg,0.0,3
frame_2834.jpg,0.0,3
frame_2835.jpg,0.0,3
frame_2836.jpg,0.0,3
frame_2837.jpg,0.0,3
frame_2838.jpg,0.0,3
frame_2839.jpg,0.0,3
frame_2840.jpg,0.0,3
frame_2841.jpg,0.0,3
frame_2842.jpg,0.0,3
frame_2843.jpg,0.0,3
frame_2844.jpg,-5.809665,1
frame_2845.jpg,-1.369957,2
frame_2846.jpg,0.0,3
frame_2847.jpg,0.0,3
frame_2848.jpg,0.0,3
frame_2849.jpg,0.0,3
frame_2850.jpg,0.0,3
frame_2851.jpg,0.0,3
frame_2852.jpg,0.0,3
frame_2853.jpg,0.0,3
frame_2854.jpg,0.0,3
frame_2855.jpg,0.0,3
frame_2856.jpg,0.0,3
frame_2857.jpg,0.0,3
frame_2858.jpg,0.0,3
frame_2859.jpg,0.0,3
frame_2860.jpg,0.0,3
frame_2861.jpg,0.0,3
frame_2862.jpg,0.0,3
frame_2863.jpg,0.0,3
frame_2864.jpg,0.0,3
frame_2865.jpg,0.0,3
frame_2866.jpg,0.0,3
frame_2867.jpg,0.0,3
frame_2868.jpg,-6.914857,1
frame_2869.jpg,0.0,3
frame_2870.jpg,0.0,3
frame_2871.jpg,0.0,3
frame_2872.jpg,0.0,3
frame_2873.jpg,0.0,3
frame_2874.jpg,0.0,3
frame_2875.jpg,0.0,3
frame_2876.jpg,0.0,3
frame_2877.jpg,0.0,3
frame_2878.jpg,0.0,3
frame_2879.jpg,0.0,3
frame_2880.jpg,0.0,3
frame_2881.jpg,0.0,3
frame_2882.jpg,-8.371215,1
frame_2883.jpg,-3.403829,2
frame_2884.jpg,0.0,3
frame_2885.jpg,0.0,3
frame_2886.jpg,0.0,3
frame_2887.jpg,0.0,3
frame_2888.jpg,0.0,3
frame_2889.jpg,0.0,3
frame_2890.jpg,0.0,3
frame_2891.jpg,0.0,3
frame_2892.jpg,0.0,3
frame_2893.jpg,0.0,3
frame_2894.jpg,0.0,3
frame_2895.jpg,0.0,3
frame_2896.jpg,0.0,3
frame_2897.jpg,0.0,3
frame_2898.jpg,0.0,3
frame_2899.jpg,5.336565,5
frame_2900.jpg,9.425482,5
frame_2901.jpg,10.67273,5
frame_2902.jpg,3.552952,4
frame_2903.jpg,0.0,3
frame_2904.jpg,0.0,3
frame_2905.jpg,0.0,3
frame_2906.jpg,0.0,3
frame_2907.jpg,0.0,3
frame_2908.jpg,0.0,3
frame_2909.jpg,0.0,3
frame_2910.jpg,0.0,3
frame_2911.jpg,0.0,3
frame_2912.jpg,0.0,3
frame_2913.jpg,0.0,3
frame_2914.jpg,0.0,3
frame_2915.jpg,0.0,3
frame_2916.jpg,0.0,3
frame_2917.jpg,0.0,3
frame_2918.jpg,0.0,3
frame_2919.jpg,0.0,3
frame_2920.jpg,0.0,3
frame_2921.jpg,0.0,3
frame_2922.jpg,0.0,3
frame_2923.jpg,0.0,3
frame_2924.jpg,0.0,3
frame_2925.jpg,0.0,3
frame_2926.jpg,0.0,3
frame_2927.jpg,0.0,3
frame_2928.jpg,0.0,3
frame_2929.jpg,0.0,3
frame_2930.jpg,0.0,3
frame_2931.jpg,0.0,3
frame_2932.jpg,0.0,3
frame_2933.jpg,0.0,3
frame_2934.jpg,0.0,3
frame_2935.jpg,-5.5002,1
frame_2936.jpg,-1.143607,2
frame_2937.jpg,0.0,3
frame_2938.jpg,0.0,3
frame_2939.jpg,0.0,3
frame_2940.jpg,0.0,3
frame_2941.jpg,-5.288955,1
frame_2942.jpg,-11.94001,1
frame_2943.jpg,-9.463118,1
frame_2944.jpg,-5.564549,1
frame_2945.jpg,-0.1721997,2
frame_2946.jpg,0.0,3
frame_2947.jpg,0.0,3
frame_2948.jpg,0.0,3
frame_2949.jpg,0.0,3
frame_2950.jpg,0.0,3
frame_2951.jpg,0.0,3
frame_2952.jpg,0.0,3
frame_2953.jpg,-3.777713,2
frame_2954.jpg,-6.651877,1
frame_2955.jpg,-1.65648,2
frame_2956.jpg,0.0,3
frame_2957.jpg,0.0,3
frame_2958.jpg,0.0,3
frame_2959.jpg,0.0,3
frame_2960.jpg,0.0,3
frame_2961.jpg,0.0,3
frame_2962.jpg,0.0,3
frame_2963.jpg,-3.961747,2
frame_2964.jpg,-10.17935,1
frame_2965.jpg,-7.244836,1
frame_2966.jpg,-1.604476,2
frame_2967.jpg,0.0,3
frame_2968.jpg,0.0,3
frame_2969.jpg,0.0,3
frame_2970.jpg,0.0,3
frame_2971.jpg,0.0,3
frame_2972.jpg,0.0,3
frame_2973.jpg,0.0,3
frame_2974.jpg,0.0,3
frame_2975.jpg,0.0,3
frame_2976.jpg,0.0,3
frame_2977.jpg,0.0,3
frame_2978.jpg,-5.56584,1
frame_2979.jpg,-1.65696,2
frame_2980.jpg,0.0,3
frame_2981.jpg,0.0,3
frame_2982.jpg,0.0,3
frame_2983.jpg,0.0,3
frame_2984.jpg,0.0,3
frame_2985.jpg,0.0,3
frame_2986.jpg,-4.884578,2
frame_2987.jpg,-10.88225,1
frame_2988.jpg,-2.61033,2
frame_2989.jpg,0.0,3
frame_2990.jpg,0.0,3
frame_2991.jpg,0.0,3
frame_2992.jpg,0.0,3
frame_2993.jpg,-6.57894,1
frame_2994.jpg,0.0,3
frame_2995.jpg,0.0,3
frame_2996.jpg,0.0,3
frame_2997.jpg,0.0,3
frame_2998.jpg,0.0,3
frame_2999.jpg,0.0,3
frame_3000.jpg,0.0,3
frame_3001.jpg,0.0,3
frame_3002.jpg,0.0,3
frame_3003.jpg,0.0,3
frame_3004.jpg,0.0,3
frame_3005.jpg,-4.147388,2
frame_3006.jpg,-8.095297,1
frame_3007.jpg,-1.689127,2
frame_3008.jpg,0.0,3
frame_3009.jpg,0.0,3
frame_3010.jpg,0.0,3
frame_3011.jpg,0.0,3
frame_3012.jpg,0.0,3
frame_3013.jpg,0.0,3
frame_3014.jpg,-7.42269,1
frame_3015.jpg,-2.145667,2
frame_3016.jpg,0.0,3
frame_3017.jpg,0.0,3
frame_3018.jpg,0.0,3
frame_3019.jpg,0.0,3
frame_3020.jpg,0.0,3
frame_3021.jpg,0.0,3
frame_3022.jpg,0.0,3
frame_3023.jpg,0.0,3
frame_3024.jpg,0.0,3
frame_3025.jpg,0.0,3
frame_3026.jpg,0.0,3
frame_3027.jpg,-2.16798,2
frame_3028.jpg,0.0,3
frame_3029.jpg,0.0,3
frame_3030.jpg,0.0,3
frame_3031.jpg,0.0,3
frame_3032.jpg,0.0,3
frame_3033.jpg,0.0,3
frame_3034.jpg,-5.880697,1
frame_3035.jpg,-11.21468,1
frame_3036.jpg,-16.92347,0
frame_3037.jpg,-2.806778,2
frame_3038.jpg,-2.806778,2
frame_3039.jpg,0.0,3
frame_3040.jpg,0.0,3
frame_3041.jpg,0.0,3
frame_3042.jpg,0.0,3
frame_3043.jpg,0.0,3
frame_3044.jpg,0.0,3
frame_3045.jpg,0.0,3
frame_3046.jpg,0.0,3
frame_3047.jpg,0.0,3
frame_3048.jpg,0.0,3
frame_3049.jpg,0.0,3
frame_3050.jpg,0.0,3
frame_3051.jpg,0.0,3
frame_3052.jpg,0.0,3
frame_3053.jpg,0.0,3
frame_3054.jpg,0.0,3
frame_3055.jpg,0.0,3
frame_3056.jpg,0.0,3
frame_3057.jpg,0.0,3
frame_3058.jpg,0.0,3
frame_3059.jpg,0.0,3
frame_3060.jpg,0.0,3
frame_3061.jpg,0.0,3
frame_3062.jpg,0.0,3
frame_3063.jpg,0.0,3
frame_3064.jpg,0.0,3
frame_3065.jpg,0.0,3
frame_3066.jpg,0.0,3
frame_3067.jpg,0.0,3
frame_3068.jpg,0.0,3
frame_3069.jpg,0.0,3
frame_3070.jpg,0.0,3
frame_3071.jpg,0.0,3
frame_3072.jpg,0.0,3
frame_3073.jpg,0.0,3
frame_3074.jpg,0.0,3
frame_3075.jpg,0.0,3
frame_3076.jpg,0.0,3
frame_3077.jpg,0.0,3
frame_3078.jpg,0.0,3
frame_3079.jpg,0.0,3
frame_3080.jpg,0.0,3
frame_3081.jpg,0.0,3
frame_3082.jpg,0.0,3
frame_3083.jpg,0.0,3
frame_3084.jpg,0.0,3
frame_3085.jpg,0.0,3
frame_3086.jpg,0.0,3
frame_3087.jpg,0.0,3
frame_3088.jpg,0.0,3
frame_3089.jpg,0.0,3
frame_3090.jpg,0.0,3
frame_3091.jpg,0.0,3
frame_3092.jpg,0.0,3
frame_3093.jpg,0.0,3
frame_3094.jpg,0.0,3
frame_3095.jpg,0.0,3
frame_3096.jpg,0.0,3
frame_3097.jpg,0.0,3
frame_3098.jpg,0.0,3
frame_3099.jpg,0.0,3
frame_3100.jpg,3.985853,4
frame_3101.jpg,9.680099,5
frame_3102.jpg,3.701865,4
frame_3103.jpg,0.0,3
frame_3104.jpg,0.0,3
frame_3105.jpg,0.0,3
frame_3106.jpg,4.774305,4
frame_3107.jpg,8.97303,5
frame_3108.jpg,5.358832,5
frame_3109.jpg,0.0,3
frame_3110.jpg,0.0,3
frame_3111.jpg,0.0,3
frame_3112.jpg,0.0,3
frame_3113.jpg,0.0,3
frame_3114.jpg,0.0,3
frame_3115.jpg,0.0,3
frame_3116.jpg,4.959247,4
frame_3117.jpg,6.775019,5
frame_3118.jpg,0.0,3
frame_3119.jpg,0.0,3
frame_3120.jpg,0.0,3
frame_3121.jpg,0.0,3
frame_3122.jpg,0.0,3
frame_3123.jpg,0.0,3
frame_3124.jpg,0.0,3
frame_3125.jpg,0.0,3
frame_3126.jpg,0.0,3
frame_3127.jpg,0.0,3
frame_3128.jpg,0.0,3
frame_3129.jpg,0.0,3
frame_3130.jpg,0.0,3
frame_3131.jpg,0.0,3
frame_3132.jpg,0.0,3
frame_3133.jpg,0.0,3
frame_3134.jpg,0.0,3
frame_3135.jpg,0.0,3
frame_3136.jpg,4.631926,4
frame_3137.jpg,2.088421,4
frame_3138.jpg,0.0,3
frame_3139.jpg,0.0,3
frame_3140.jpg,0.0,3
frame_3141.jpg,0.0,3
frame_3142.jpg,0.0,3
frame_3143.jpg,0.0,3
frame_3144.jpg,0.0,3
frame_3145.jpg,0.0,3
frame_3146.jpg,0.0,3
frame_3147.jpg,0.0,3
frame_3148.jpg,0.0,3
frame_3149.jpg,0.0,3
frame_3150.jpg,0.0,3
frame_3151.jpg,0.0,3
frame_3152.jpg,0.0,3
frame_3153.jpg,0.0,3
frame_3154.jpg,0.0,3
frame_3155.jpg,0.0,3
frame_3156.jpg,0.0,3
frame_3157.jpg,0.0,3
frame_3158.jpg,5.805,5
frame_3159.jpg,1.684507,4
frame_3160.jpg,0.0,3
frame_3161.jpg,0.0,3
frame_3162.jpg,-4.190678,2
frame_3163.jpg,-11.10073,1
frame_3164.jpg,-5.716604,1
frame_3165.jpg,-1.923689,2
frame_3166.jpg,0.0,3
frame_3167.jpg,0.0,3
frame_3168.jpg,0.0,3
frame_3169.jpg,0.0,3
frame_3170.jpg,0.0,3
frame_3171.jpg,0.0,3
frame_3172.jpg,6.371678,5
frame_3173.jpg,6.371678,5
frame_3174.jpg,0.0,3
frame_3175.jpg,0.0,3
frame_3176.jpg,0.0,3
frame_3177.jpg,0.0,3
frame_3178.jpg,0.0,3
frame_3179.jpg,0.0,3
frame_3180.jpg,0.0,3
frame_3181.jpg,0.0,3
frame_3182.jpg,0.0,3
frame_3183.jpg,0.0,3
frame_3184.jpg,0.0,3
frame_3185.jpg,4.35204,4
frame_3186.jpg,0.0,3
frame_3187.jpg,0.0,3
frame_3188.jpg,0.0,3
frame_3189.jpg,0.0,3
frame_3190.jpg,0.0,3
frame_3191.jpg,0.0,3
frame_3192.jpg,0.0,3
frame_3193.jpg,0.0,3
frame_3194.jpg,0.0,3
frame_3195.jpg,0.0,3
frame_3196.jpg,0.0,3
frame_3197.jpg,0.0,3
frame_3198.jpg,0.0,3
frame_3199.jpg,0.0,3
frame_3200.jpg,0.0,3
frame_3201.jpg,0.0,3
frame_3202.jpg,0.0,3
frame_3203.jpg,0.0,3
frame_3204.jpg,0.0,3
frame_3205.jpg,0.0,3
frame_3206.jpg,0.0,3
frame_3207.jpg,0.0,3
frame_3208.jpg,0.0,3
